"","death","cvd","resp","temp","rhum","time","year","month","day","season"
"1",137,61,15,36,98.75,1,1997,1,1,"Winter"
"2",123,57,13,45,95.375,2,1997,1,2,"Winter"
"3",127,58,13,40,97.125,3,1997,1,3,"Winter"
"4",146,56,12,51.5,91.5,4,1997,1,4,"Winter"
"5",102,45,7,27,71.875,5,1997,1,5,"Winter"
"6",127,54,14,17,55,6,1997,1,6,"Winter"
"7",116,54,8,16,60,7,1997,1,7,"Winter"
"8",118,49,15,19,68.375,8,1997,1,8,"Winter"
"9",148,67,19,26,91.875,9,1997,1,9,"Winter"
"10",121,45,16,16,83.375,10,1997,1,10,"Winter"
"11",110,46,9,1.5,73.25,11,1997,1,11,"Winter"
"12",127,64,5,1,63.125,12,1997,1,12,"Winter"
"13",129,57,9,3,79.625,13,1997,1,13,"Winter"
"14",151,60,13,10,82.375,14,1997,1,14,"Winter"
"15",128,56,7,19,99,15,1997,1,15,"Winter"
"16",132,68,10,9.5,63.625,16,1997,1,16,"Winter"
"17",116,59,7,-3,58.625,17,1997,1,17,"Winter"
"18",142,44,14,0,71,18,1997,1,18,"Winter"
"19",124,53,9,14,90.75,19,1997,1,19,"Winter"
"20",124,58,7,31,85.625,20,1997,1,20,"Winter"
"21",127,67,15,35,94.25,21,1997,1,21,"Winter"
"22",121,47,14,36.5,71.25,22,1997,1,22,"Winter"
"23",134,68,17,26,74.625,23,1997,1,23,"Winter"
"24",120,56,9,32,95.125,24,1997,1,24,"Winter"
"25",109,48,14,14.5,77,25,1997,1,25,"Winter"
"26",109,41,6,11,90.125,26,1997,1,26,"Winter"
"27",115,51,7,17,78.375,27,1997,1,27,"Winter"
"28",105,47,7,2,66.875,28,1997,1,28,"Winter"
"29",114,49,15,8,75.125,29,1997,1,29,"Winter"
"30",120,48,11,16.5,84,30,1997,1,30,"Winter"
"31",117,44,17,31.5,81.875,31,1997,1,31,"Winter"
"32",126,56,7,35,82,32,1997,2,32,"Winter"
"33",97,37,5,36.5,82.375,33,1997,2,33,"Winter"
"34",96,35,8,30,83.5,34,1997,2,34,"Winter"
"35",119,59,13,34.5,95,35,1997,2,35,"Winter"
"36",125,46,9,30,83.5,36,1997,2,36,"Winter"
"37",116,43,14,26,87.875,37,1997,2,37,"Winter"
"38",118,54,9,25.5,85.125,38,1997,2,38,"Winter"
"39",121,57,8,25.5,90.125,39,1997,2,39,"Winter"
"40",114,52,5,26,75.25,40,1997,2,40,"Winter"
"41",111,51,11,27,79.875,41,1997,2,41,"Winter"
"42",107,44,8,23.5,80.5,42,1997,2,42,"Winter"
"43",127,48,10,21,68,43,1997,2,43,"Winter"
"44",98,42,7,20.5,67.25,44,1997,2,44,"Winter"
"45",104,41,8,25.5,81.25,45,1997,2,45,"Winter"
"46",122,53,7,20,71.25,46,1997,2,46,"Winter"
"47",124,53,14,18.5,71,47,1997,2,47,"Winter"
"48",120,51,13,30,71.375,48,1997,2,48,"Winter"
"49",106,48,5,48.5,67.875,49,1997,2,49,"Winter"
"50",103,44,14,37.5,80.75,50,1997,2,50,"Winter"
"51",139,68,11,35.5,97.375,51,1997,2,51,"Winter"
"52",133,57,13,36,95.625,52,1997,2,52,"Winter"
"53",109,50,12,26,77.125,53,1997,2,53,"Winter"
"54",121,43,12,28,63.625,54,1997,2,54,"Winter"
"55",111,47,12,21.5,66.125,55,1997,2,55,"Winter"
"56",105,50,14,25.5,79.875,56,1997,2,56,"Winter"
"57",107,39,18,36.5,99.25,57,1997,2,57,"Winter"
"58",123,37,19,34.5,86,58,1997,2,58,"Winter"
"59",124,51,12,37.5,87.625,59,1997,2,59,"Winter"
"60",125,57,7,45.5,89.25,60,1997,3,60,"Winter"
"61",108,46,13,35,76.5,61,1997,3,61,"Winter"
"62",114,53,6,33.5,80.875,62,1997,3,62,"Winter"
"63",104,50,10,38,78.625,63,1997,3,63,"Winter"
"64",120,54,15,33,82.25,64,1997,3,64,"Winter"
"65",134,63,11,26.5,58,65,1997,3,65,"Winter"
"66",101,40,10,35.5,68.875,66,1997,3,66,"Winter"
"67",102,42,7,39,82.875,67,1997,3,67,"Winter"
"68",125,54,12,37,76.875,68,1997,3,68,"Winter"
"69",119,45,7,44,54,69,1997,3,69,"Winter"
"70",115,46,9,37,65.875,70,1997,3,70,"Winter"
"71",121,54,9,33.5,70.75,71,1997,3,71,"Winter"
"72",112,45,15,37.5,84.375,72,1997,3,72,"Winter"
"73",127,52,8,26.5,71.875,73,1997,3,73,"Winter"
"74",99,43,9,19,59.875,74,1997,3,74,"Winter"
"75",125,51,11,24.5,62,75,1997,3,75,"Winter"
"76",115,53,9,45,71.625,76,1997,3,76,"Winter"
"77",113,58,14,33.5,80.75,77,1997,3,77,"Winter"
"78",105,38,7,35.5,54,78,1997,3,78,"Winter"
"79",113,42,12,46,63.25,79,1997,3,79,"Winter"
"80",120,41,11,53.5,62.25,80,1997,3,80,"Winter"
"81",105,52,7,37.5,77.25,81,1997,3,81,"Winter"
"82",119,45,10,32.5,68.875,82,1997,3,82,"Winter"
"83",147,67,12,33,78.75,83,1997,3,83,"Winter"
"84",123,53,9,40.5,69.5,84,1997,3,84,"Winter"
"85",108,46,4,44,50.75,85,1997,3,85,"Winter"
"86",117,60,11,60.5,42.5,86,1997,3,86,"Winter"
"87",110,46,5,55.5,87.375,87,1997,3,87,"Winter"
"88",106,37,8,43.5,97.5,88,1997,3,88,"Winter"
"89",96,36,14,37.5,89.5,89,1997,3,89,"Winter"
"90",119,56,8,38.5,54.625,90,1997,3,90,"Winter"
"91",119,54,12,44.5,41.375,91,1997,4,91,"Spring"
"92",99,42,6,53,31.75,92,1997,4,92,"Spring"
"93",120,62,7,59.5,72.5,93,1997,4,93,"Spring"
"94",130,52,11,62.5,60.125,94,1997,4,94,"Spring"
"95",97,46,9,60.5,85.75,95,1997,4,95,"Spring"
"96",105,50,1,45,62.75,96,1997,4,96,"Spring"
"97",102,47,9,34,45.625,97,1997,4,97,"Spring"
"98",104,47,6,28.5,48.75,98,1997,4,98,"Spring"
"99",137,53,13,30,63,99,1997,4,99,"Spring"
"100",111,47,10,30.5,60.375,100,1997,4,100,"Spring"
"101",108,43,12,33.5,94,101,1997,4,101,"Spring"
"102",96,44,10,33.5,91.75,102,1997,4,102,"Spring"
"103",100,41,8,38.5,55.125,103,1997,4,103,"Spring"
"104",105,41,15,41.5,52.875,104,1997,4,104,"Spring"
"105",128,63,5,49,44.875,105,1997,4,105,"Spring"
"106",120,58,15,43,61.375,106,1997,4,106,"Spring"
"107",98,41,12,40.5,61.25,107,1997,4,107,"Spring"
"108",118,56,10,40,67.75,108,1997,4,108,"Spring"
"109",94,37,9,45.5,53.25,109,1997,4,109,"Spring"
"110",117,45,12,49,71.875,110,1997,4,110,"Spring"
"111",121,43,13,45,64.125,111,1997,4,111,"Spring"
"112",110,51,9,43,63.75,112,1997,4,112,"Spring"
"113",110,54,8,48.5,62.625,113,1997,4,113,"Spring"
"114",108,53,7,47.5,67.375,114,1997,4,114,"Spring"
"115",121,46,6,48,44.625,115,1997,4,115,"Spring"
"116",114,43,10,49.5,30,116,1997,4,116,"Spring"
"117",116,47,14,47.5,79.5,117,1997,4,117,"Spring"
"118",109,52,6,50.5,58.375,118,1997,4,118,"Spring"
"119",123,51,14,60,44.5,119,1997,4,119,"Spring"
"120",115,50,5,55,90.5,120,1997,4,120,"Spring"
"121",101,40,15,48.5,54.625,121,1997,5,121,"Spring"
"122",118,51,5,48.5,99,122,1997,5,122,"Spring"
"123",100,47,10,49,75.875,123,1997,5,123,"Spring"
"124",126,55,11,51.5,41.75,124,1997,5,124,"Spring"
"125",126,58,2,62,41.75,125,1997,5,125,"Spring"
"126",121,49,10,55.5,39.125,126,1997,5,126,"Spring"
"127",114,43,9,52.5,89.125,127,1997,5,127,"Spring"
"128",112,46,7,61,54.125,128,1997,5,128,"Spring"
"129",111,44,13,50.5,57.375,129,1997,5,129,"Spring"
"130",111,43,9,52.5,50.5,130,1997,5,130,"Spring"
"131",107,37,17,59.5,59.25,131,1997,5,131,"Spring"
"132",124,53,4,52.5,46.125,132,1997,5,132,"Spring"
"133",104,40,14,45.5,70.375,133,1997,5,133,"Spring"
"134",107,41,12,49.5,76.25,134,1997,5,134,"Spring"
"135",109,42,9,45,61.625,135,1997,5,135,"Spring"
"136",133,50,6,51,42.5,136,1997,5,136,"Spring"
"137",108,52,5,50.5,74.125,137,1997,5,137,"Spring"
"138",109,41,9,59.5,85,138,1997,5,138,"Spring"
"139",96,40,7,54,69.75,139,1997,5,139,"Spring"
"140",118,58,8,51.5,57,140,1997,5,140,"Spring"
"141",111,47,11,48,61.125,141,1997,5,141,"Spring"
"142",107,32,10,50.5,47,142,1997,5,142,"Spring"
"143",106,39,9,58,42.75,143,1997,5,143,"Spring"
"144",101,46,7,68.5,80.625,144,1997,5,144,"Spring"
"145",107,40,5,50,85.75,145,1997,5,145,"Spring"
"146",109,39,9,50,54.875,146,1997,5,146,"Spring"
"147",100,39,10,56,56.25,147,1997,5,147,"Spring"
"148",109,51,13,58.5,96.625,148,1997,5,148,"Spring"
"149",92,28,4,58,79.875,149,1997,5,149,"Spring"
"150",114,44,6,61,67,150,1997,5,150,"Spring"
"151",110,40,14,59,85.125,151,1997,5,151,"Spring"
"152",99,33,5,60.5,69.125,152,1997,6,152,"Spring"
"153",100,42,4,58,84,153,1997,6,153,"Spring"
"154",104,42,6,61.5,73,154,1997,6,154,"Spring"
"155",94,38,4,59,53,155,1997,6,155,"Spring"
"156",114,49,11,62,67.25,156,1997,6,156,"Spring"
"157",114,48,12,63.5,88.5,157,1997,6,157,"Spring"
"158",117,47,8,58.5,91.75,158,1997,6,158,"Spring"
"159",97,45,5,61,68.5,159,1997,6,159,"Spring"
"160",102,39,10,62.5,60.5,160,1997,6,160,"Spring"
"161",95,41,5,66.5,54.625,161,1997,6,161,"Spring"
"162",115,38,7,67.5,83.125,162,1997,6,162,"Spring"
"163",105,50,6,70,78.75,163,1997,6,163,"Spring"
"164",98,30,8,71,70.875,164,1997,6,164,"Spring"
"165",94,28,10,56.5,54.625,165,1997,6,165,"Spring"
"166",126,47,8,63,53.875,166,1997,6,166,"Spring"
"167",115,39,13,67,64.375,167,1997,6,167,"Spring"
"168",110,46,12,60.5,72.625,168,1997,6,168,"Spring"
"169",94,36,4,67,75,169,1997,6,169,"Spring"
"170",94,34,7,70,65.375,170,1997,6,170,"Spring"
"171",112,47,4,81.5,77.125,171,1997,6,171,"Spring"
"172",106,49,7,75.5,72.5,172,1997,6,172,"Spring"
"173",97,44,8,77,66.25,173,1997,6,173,"Spring"
"174",99,47,5,82.5,61.125,174,1997,6,174,"Spring"
"175",94,31,7,84,39.375,175,1997,6,175,"Spring"
"176",124,59,6,78,57.625,176,1997,6,176,"Spring"
"177",97,46,11,73.5,58,177,1997,6,177,"Spring"
"178",120,44,11,72.5,54.125,178,1997,6,178,"Spring"
"179",96,42,4,74,57.875,179,1997,6,179,"Spring"
"180",95,31,8,75,59.625,180,1997,6,180,"Spring"
"181",114,61,7,76,90.875,181,1997,6,181,"Spring"
"182",121,51,8,77.5,65.375,182,1997,7,182,"Summer"
"183",108,41,5,79.5,53,183,1997,7,183,"Summer"
"184",98,45,6,68.5,61.375,184,1997,7,184,"Summer"
"185",98,40,11,61.5,68.75,185,1997,7,185,"Summer"
"186",109,41,10,65.5,50.875,186,1997,7,186,"Summer"
"187",106,38,15,70,68.25,187,1997,7,187,"Summer"
"188",107,40,11,65.5,61.75,188,1997,7,188,"Summer"
"189",95,41,11,71,82.875,189,1997,7,189,"Summer"
"190",86,33,5,62,64.25,190,1997,7,190,"Summer"
"191",106,35,15,64.5,52.875,191,1997,7,191,"Summer"
"192",98,42,6,68.5,61.375,192,1997,7,192,"Summer"
"193",98,41,7,74.5,57.875,193,1997,7,193,"Summer"
"194",115,43,10,82.5,61.875,194,1997,7,194,"Summer"
"195",114,58,8,83,55.5,195,1997,7,195,"Summer"
"196",96,40,9,79,53,196,1997,7,196,"Summer"
"197",92,33,4,82.5,42.875,197,1997,7,197,"Summer"
"198",103,46,5,84,61.75,198,1997,7,198,"Summer"
"199",101,47,7,79,94.5,199,1997,7,199,"Summer"
"200",106,57,6,74.5,67.5,200,1997,7,200,"Summer"
"201",108,51,9,76.5,68.875,201,1997,7,201,"Summer"
"202",90,32,9,72,94.875,202,1997,7,202,"Summer"
"203",89,44,8,69,85.375,203,1997,7,203,"Summer"
"204",102,31,7,69,72.875,204,1997,7,204,"Summer"
"205",114,64,5,72.5,71.25,205,1997,7,205,"Summer"
"206",95,42,5,76,79.25,206,1997,7,206,"Summer"
"207",110,43,10,85.5,81.875,207,1997,7,207,"Summer"
"208",86,33,7,81.5,74.75,208,1997,7,208,"Summer"
"209",109,55,7,74.5,63.375,209,1997,7,209,"Summer"
"210",108,49,3,66.5,56.375,210,1997,7,210,"Summer"
"211",99,42,3,68.5,58.5,211,1997,7,211,"Summer"
"212",116,55,6,69,56.125,212,1997,7,212,"Summer"
"213",105,50,2,74.5,51,213,1997,8,213,"Summer"
"214",108,45,10,81.5,50.75,214,1997,8,214,"Summer"
"215",102,32,8,78,72.875,215,1997,8,215,"Summer"
"216",81,43,5,71,71.25,216,1997,8,216,"Summer"
"217",94,40,6,62.5,54.75,217,1997,8,217,"Summer"
"218",69,35,4,64.5,56.625,218,1997,8,218,"Summer"
"219",121,43,6,67,63,219,1997,8,219,"Summer"
"220",88,34,5,69.5,51.125,220,1997,8,220,"Summer"
"221",100,34,7,70.5,87.5,221,1997,8,221,"Summer"
"222",126,53,7,75.5,74.5,222,1997,8,222,"Summer"
"223",106,37,6,67.5,90.375,223,1997,8,223,"Summer"
"224",111,39,7,69.5,92.75,224,1997,8,224,"Summer"
"225",94,43,5,68.5,76.125,225,1997,8,225,"Summer"
"226",96,40,10,65.5,75.5,226,1997,8,226,"Summer"
"227",101,37,4,77,77.625,227,1997,8,227,"Summer"
"228",92,39,10,80,92.125,228,1997,8,228,"Summer"
"229",99,42,8,68.5,95.125,229,1997,8,229,"Summer"
"230",107,43,4,63.5,72.875,230,1997,8,230,"Summer"
"231",112,55,6,64,77.5,231,1997,8,231,"Summer"
"232",106,41,5,67,75.75,232,1997,8,232,"Summer"
"233",98,46,5,63.5,66.375,233,1997,8,233,"Summer"
"234",99,47,10,64,71.75,234,1997,8,234,"Summer"
"235",103,38,13,65.5,68.375,235,1997,8,235,"Summer"
"236",96,42,6,70.5,83.625,236,1997,8,236,"Summer"
"237",110,50,7,65.5,82.75,237,1997,8,237,"Summer"
"238",104,42,15,69,76.625,238,1997,8,238,"Summer"
"239",100,44,14,77,77.5,239,1997,8,239,"Summer"
"240",109,55,5,68.5,77.5,240,1997,8,240,"Summer"
"241",97,42,3,67,75.875,241,1997,8,241,"Summer"
"242",87,34,5,65,88.5,242,1997,8,242,"Summer"
"243",101,45,5,72,74.75,243,1997,8,243,"Summer"
"244",94,48,6,70.5,77.125,244,1997,9,244,"Summer"
"245",93,35,8,68,66.5,245,1997,9,245,"Summer"
"246",82,37,3,58.5,71.125,246,1997,9,246,"Summer"
"247",111,46,6,59,59.75,247,1997,9,247,"Summer"
"248",93,30,12,60.5,54.75,248,1997,9,248,"Summer"
"249",119,45,6,74.5,67,249,1997,9,249,"Summer"
"250",95,49,8,66,85.5,250,1997,9,250,"Summer"
"251",101,44,12,67.5,88.125,251,1997,9,251,"Summer"
"252",103,52,4,68.5,83.5,252,1997,9,252,"Summer"
"253",103,44,7,64.5,78.25,253,1997,9,253,"Summer"
"254",100,46,6,61.5,77.625,254,1997,9,254,"Summer"
"255",89,50,6,61.5,67.625,255,1997,9,255,"Summer"
"256",113,42,7,63.5,71.25,256,1997,9,256,"Summer"
"257",110,47,4,69,80.5,257,1997,9,257,"Summer"
"258",120,48,10,69.5,81.5,258,1997,9,258,"Summer"
"259",104,42,7,74.5,73.875,259,1997,9,259,"Summer"
"260",99,40,8,70,56.125,260,1997,9,260,"Summer"
"261",87,39,4,69,41.75,261,1997,9,261,"Summer"
"262",94,46,5,73,96.375,262,1997,9,262,"Summer"
"263",109,40,9,58.5,74.875,263,1997,9,263,"Summer"
"264",110,36,9,57,67.5,264,1997,9,264,"Summer"
"265",97,40,6,57.5,79.125,265,1997,9,265,"Summer"
"266",103,40,14,59,71.125,266,1997,9,266,"Summer"
"267",101,47,7,56.5,66.25,267,1997,9,267,"Summer"
"268",111,50,4,66,68.625,268,1997,9,268,"Summer"
"269",103,38,6,60,78.25,269,1997,9,269,"Summer"
"270",115,49,9,62.5,63,270,1997,9,270,"Summer"
"271",86,40,8,64,60.5,271,1997,9,271,"Summer"
"272",103,42,5,65,45.375,272,1997,9,272,"Summer"
"273",112,49,13,59.5,65.125,273,1997,9,273,"Summer"
"274",101,46,9,52,76.625,274,1997,10,274,"Autumn"
"275",104,53,10,61,48.5,275,1997,10,275,"Autumn"
"276",117,47,7,73,54,276,1997,10,276,"Autumn"
"277",107,36,12,68,77.375,277,1997,10,277,"Autumn"
"278",113,58,7,70,48.125,278,1997,10,278,"Autumn"
"279",100,47,5,70.5,60,279,1997,10,279,"Autumn"
"280",132,57,15,73.5,61.75,280,1997,10,280,"Autumn"
"281",119,49,7,72.5,56.125,281,1997,10,281,"Autumn"
"282",109,40,8,64,59.5,282,1997,10,282,"Autumn"
"283",101,44,6,59,70,283,1997,10,283,"Autumn"
"284",109,44,6,61.5,44.5,284,1997,10,284,"Autumn"
"285",116,51,9,70,49.875,285,1997,10,285,"Autumn"
"286",108,36,14,59.5,70.625,286,1997,10,286,"Autumn"
"287",108,46,16,42.5,64.75,287,1997,10,287,"Autumn"
"288",95,38,8,42.5,61.625,288,1997,10,288,"Autumn"
"289",107,47,7,47.5,72.625,289,1997,10,289,"Autumn"
"290",93,39,8,45.5,85.125,290,1997,10,290,"Autumn"
"291",118,46,13,44.5,70.5,291,1997,10,291,"Autumn"
"292",101,42,5,50,68.25,292,1997,10,292,"Autumn"
"293",105,44,4,45.5,65,293,1997,10,293,"Autumn"
"294",135,59,7,42.5,42.5,294,1997,10,294,"Autumn"
"295",106,47,5,36,63.125,295,1997,10,295,"Autumn"
"296",109,44,12,44.5,53.625,296,1997,10,296,"Autumn"
"297",128,47,8,46,85,297,1997,10,297,"Autumn"
"298",112,56,10,47,74.125,298,1997,10,298,"Autumn"
"299",109,42,7,40,93.5,299,1997,10,299,"Autumn"
"300",128,53,7,32.5,83.428571429,300,1997,10,300,"Autumn"
"301",128,47,13,39,66.875,301,1997,10,301,"Autumn"
"302",106,41,8,44,72,302,1997,10,302,"Autumn"
"303",128,52,10,51,72.5,303,1997,10,303,"Autumn"
"304",130,56,5,59.5,79.25,304,1997,10,304,"Autumn"
"305",117,55,9,50,71.625,305,1997,11,305,"Autumn"
"306",111,42,15,38.5,81.875,306,1997,11,306,"Autumn"
"307",118,39,15,36.5,89.125,307,1997,11,307,"Autumn"
"308",103,45,8,39,86.625,308,1997,11,308,"Autumn"
"309",99,47,6,40,86.375,309,1997,11,309,"Autumn"
"310",125,48,12,45,78.875,310,1997,11,310,"Autumn"
"311",119,45,9,43,79.25,311,1997,11,311,"Autumn"
"312",117,41,11,44,69.625,312,1997,11,312,"Autumn"
"313",120,51,9,42.5,75.25,313,1997,11,313,"Autumn"
"314",121,59,2,36.5,60.5,314,1997,11,314,"Autumn"
"315",93,49,5,28.5,63.375,315,1997,11,315,"Autumn"
"316",103,48,10,26.5,64.125,316,1997,11,316,"Autumn"
"317",108,47,10,31.5,57.375,317,1997,11,317,"Autumn"
"318",122,56,8,36,85.5,318,1997,11,318,"Autumn"
"319",115,44,12,29,85.375,319,1997,11,319,"Autumn"
"320",112,59,3,22,78.75,320,1997,11,320,"Autumn"
"321",114,48,5,25.5,76.125,321,1997,11,321,"Autumn"
"322",112,53,10,32,71.875,322,1997,11,322,"Autumn"
"323",118,59,3,27.5,79.625,323,1997,11,323,"Autumn"
"324",125,43,11,33.5,89.125,324,1997,11,324,"Autumn"
"325",140,60,11,35.5,81,325,1997,11,325,"Autumn"
"326",106,48,10,34.5,77.625,326,1997,11,326,"Autumn"
"327",114,59,8,26,70.875,327,1997,11,327,"Autumn"
"328",111,54,9,26.5,56,328,1997,11,328,"Autumn"
"329",94,52,7,47,67.375,329,1997,11,329,"Autumn"
"330",111,53,5,43,51.375,330,1997,11,330,"Autumn"
"331",95,39,10,37.5,88.125,331,1997,11,331,"Autumn"
"332",136,58,11,49,98.5,332,1997,11,332,"Autumn"
"333",109,53,6,45.5,99.625,333,1997,11,333,"Autumn"
"334",95,46,10,42,74.75,334,1997,11,334,"Autumn"
"335",122,54,13,37,82.25,335,1997,12,335,"Autumn"
"336",108,49,8,36.5,76.375,336,1997,12,336,"Autumn"
"337",127,54,17,36.5,90.5,337,1997,12,337,"Autumn"
"338",120,50,13,32,71.75,338,1997,12,338,"Autumn"
"339",109,46,8,26,76.75,339,1997,12,339,"Autumn"
"340",115,49,8,28.5,78.875,340,1997,12,340,"Autumn"
"341",101,52,6,30,87,341,1997,12,341,"Autumn"
"342",116,51,13,28.5,86.375,342,1997,12,342,"Autumn"
"343",85,33,8,33,84.75,343,1997,12,343,"Autumn"
"344",125,57,12,34.5,89.125,344,1997,12,344,"Autumn"
"345",109,49,7,33.5,73.5,345,1997,12,345,"Autumn"
"346",108,39,11,27.5,82.75,346,1997,12,346,"Autumn"
"347",119,45,13,26.5,82,347,1997,12,347,"Autumn"
"348",104,42,5,31,77.625,348,1997,12,348,"Autumn"
"349",118,49,8,37.5,71.25,349,1997,12,349,"Autumn"
"350",119,45,9,39,79.25,350,1997,12,350,"Autumn"
"351",112,48,11,37,66.5,351,1997,12,351,"Autumn"
"352",118,54,11,38.5,75.625,352,1997,12,352,"Autumn"
"353",106,54,9,40.5,78.125,353,1997,12,353,"Autumn"
"354",94,43,7,33,71.125,354,1997,12,354,"Autumn"
"355",136,57,8,32.5,72.75,355,1997,12,355,"Autumn"
"356",120,53,8,34.5,94.25,356,1997,12,356,"Autumn"
"357",124,54,11,34,78.125,357,1997,12,357,"Autumn"
"358",104,43,6,34,91.125,358,1997,12,358,"Autumn"
"359",122,55,13,30.5,83.375,359,1997,12,359,"Autumn"
"360",119,53,15,28.5,88,360,1997,12,360,"Autumn"
"361",132,56,20,23,75.25,361,1997,12,361,"Autumn"
"362",111,40,11,25.5,83.125,362,1997,12,362,"Autumn"
"363",119,52,10,29.5,85,363,1997,12,363,"Autumn"
"364",112,49,11,21.5,78.25,364,1997,12,364,"Autumn"
"365",127,60,19,18,67.5,365,1997,12,365,"Autumn"
"366",108,43,10,28,NA,366,1998,1,1,"Winter"
"367",136,61,9,44,NA,367,1998,1,2,"Winter"
"368",128,53,10,47,NA,368,1998,1,3,"Winter"
"369",145,65,10,45,NA,369,1998,1,4,"Winter"
"370",120,54,16,48,NA,370,1998,1,5,"Winter"
"371",144,68,11,43,NA,371,1998,1,6,"Winter"
"372",110,53,13,38,NA,372,1998,1,7,"Winter"
"373",107,47,11,34,NA,373,1998,1,8,"Winter"
"374",123,53,10,25,NA,374,1998,1,9,"Winter"
"375",107,47,15,12,NA,375,1998,1,10,"Winter"
"376",112,61,9,18,NA,376,1998,1,11,"Winter"
"377",131,60,13,23,NA,377,1998,1,12,"Winter"
"378",108,47,7,7,NA,378,1998,1,13,"Winter"
"379",135,52,17,17,NA,379,1998,1,14,"Winter"
"380",132,59,10,28,NA,380,1998,1,15,"Winter"
"381",143,57,18,28,NA,381,1998,1,16,"Winter"
"382",127,55,14,23,NA,382,1998,1,17,"Winter"
"383",141,59,14,16,NA,383,1998,1,18,"Winter"
"384",135,64,14,24,NA,384,1998,1,19,"Winter"
"385",123,66,13,26,NA,385,1998,1,20,"Winter"
"386",119,54,15,31,NA,386,1998,1,21,"Winter"
"387",124,44,13,32,NA,387,1998,1,22,"Winter"
"388",125,58,11,28,NA,388,1998,1,23,"Winter"
"389",152,70,19,28,NA,389,1998,1,24,"Winter"
"390",139,62,14,28,NA,390,1998,1,25,"Winter"
"391",153,49,17,31,NA,391,1998,1,26,"Winter"
"392",120,51,10,33,NA,392,1998,1,27,"Winter"
"393",123,49,16,36,NA,393,1998,1,28,"Winter"
"394",110,44,13,37,NA,394,1998,1,29,"Winter"
"395",138,63,12,31,NA,395,1998,1,30,"Winter"
"396",132,58,12,35,NA,396,1998,1,31,"Winter"
"397",142,57,18,39,NA,397,1998,2,32,"Winter"
"398",120,42,11,33,NA,398,1998,2,33,"Winter"
"399",86,41,8,34,NA,399,1998,2,34,"Winter"
"400",120,42,14,32,NA,400,1998,2,35,"Winter"
"401",121,62,12,32,NA,401,1998,2,36,"Winter"
"402",124,67,13,36,NA,402,1998,2,37,"Winter"
"403",122,47,15,34,NA,403,1998,2,38,"Winter"
"404",110,47,10,33,NA,404,1998,2,39,"Winter"
"405",123,50,16,35,NA,405,1998,2,40,"Winter"
"406",125,53,10,39,NA,406,1998,2,41,"Winter"
"407",136,61,12,41,NA,407,1998,2,42,"Winter"
"408",116,47,13,35,NA,408,1998,2,43,"Winter"
"409",119,48,13,36,NA,409,1998,2,44,"Winter"
"410",135,54,11,38,NA,410,1998,2,45,"Winter"
"411",125,48,9,43,NA,411,1998,2,46,"Winter"
"412",129,64,10,42,NA,412,1998,2,47,"Winter"
"413",116,49,13,41,NA,413,1998,2,48,"Winter"
"414",108,44,11,39,NA,414,1998,2,49,"Winter"
"415",113,40,13,40,NA,415,1998,2,50,"Winter"
"416",110,57,11,39,NA,416,1998,2,51,"Winter"
"417",110,44,16,38,NA,417,1998,2,52,"Winter"
"418",116,54,11,44,NA,418,1998,2,53,"Winter"
"419",139,67,17,41,NA,419,1998,2,54,"Winter"
"420",135,57,19,45,NA,420,1998,2,55,"Winter"
"421",114,42,15,42,NA,421,1998,2,56,"Winter"
"422",127,54,11,54,NA,422,1998,2,57,"Winter"
"423",107,44,13,42,NA,423,1998,2,58,"Winter"
"424",132,59,13,41,NA,424,1998,2,59,"Winter"
"425",120,44,19,35,NA,425,1998,3,60,"Winter"
"426",115,52,10,33,NA,426,1998,3,61,"Winter"
"427",123,40,14,34,NA,427,1998,3,62,"Winter"
"428",114,45,5,34,NA,428,1998,3,63,"Winter"
"429",110,44,9,36,NA,429,1998,3,64,"Winter"
"430",91,42,3,34,NA,430,1998,3,65,"Winter"
"431",125,62,17,36,NA,431,1998,3,66,"Winter"
"432",121,57,16,38,NA,432,1998,3,67,"Winter"
"433",131,62,13,26,NA,433,1998,3,68,"Winter"
"434",134,62,8,18,NA,434,1998,3,69,"Winter"
"435",123,56,11,18,NA,435,1998,3,70,"Winter"
"436",104,51,7,18,NA,436,1998,3,71,"Winter"
"437",134,52,8,29,NA,437,1998,3,72,"Winter"
"438",132,53,18,28,NA,438,1998,3,73,"Winter"
"439",90,39,9,27,NA,439,1998,3,74,"Winter"
"440",134,63,16,30,NA,440,1998,3,75,"Winter"
"441",97,34,11,36,NA,441,1998,3,76,"Winter"
"442",115,47,9,45,NA,442,1998,3,77,"Winter"
"443",128,64,6,37,NA,443,1998,3,78,"Winter"
"444",102,37,12,35,NA,444,1998,3,79,"Winter"
"445",116,52,7,37,NA,445,1998,3,80,"Winter"
"446",89,30,8,36,NA,446,1998,3,81,"Winter"
"447",119,54,12,38,NA,447,1998,3,82,"Winter"
"448",138,67,6,40,NA,448,1998,3,83,"Winter"
"449",124,43,13,51,NA,449,1998,3,84,"Winter"
"450",126,47,11,68,NA,450,1998,3,85,"Winter"
"451",120,48,7,67,NA,451,1998,3,86,"Winter"
"452",128,52,7,57,NA,452,1998,3,87,"Winter"
"453",107,48,10,62,NA,453,1998,3,88,"Winter"
"454",106,48,3,73,NA,454,1998,3,89,"Winter"
"455",114,49,11,59,NA,455,1998,3,90,"Winter"
"456",89,32,8,44,NA,456,1998,4,91,"Spring"
"457",95,45,3,44,NA,457,1998,4,92,"Spring"
"458",102,51,1,41,NA,458,1998,4,93,"Spring"
"459",113,53,10,41,NA,459,1998,4,94,"Spring"
"460",101,41,10,41,NA,460,1998,4,95,"Spring"
"461",105,45,6,48,NA,461,1998,4,96,"Spring"
"462",100,41,5,52,NA,462,1998,4,97,"Spring"
"463",103,49,6,48,NA,463,1998,4,98,"Spring"
"464",107,46,6,43,NA,464,1998,4,99,"Spring"
"465",109,51,4,46,NA,465,1998,4,100,"Spring"
"466",91,31,10,50,NA,466,1998,4,101,"Spring"
"467",115,59,8,64,NA,467,1998,4,102,"Spring"
"468",111,50,10,62,NA,468,1998,4,103,"Spring"
"469",111,38,11,58,NA,469,1998,4,104,"Spring"
"470",112,49,3,53,NA,470,1998,4,105,"Spring"
"471",102,45,10,42,NA,471,1998,4,106,"Spring"
"472",111,58,7,45,NA,472,1998,4,107,"Spring"
"473",113,49,15,50,NA,473,1998,4,108,"Spring"
"474",99,36,15,52,NA,474,1998,4,109,"Spring"
"475",100,40,9,52,NA,475,1998,4,110,"Spring"
"476",99,39,7,50,NA,476,1998,4,111,"Spring"
"477",95,33,8,53,NA,477,1998,4,112,"Spring"
"478",104,44,9,56,NA,478,1998,4,113,"Spring"
"479",99,43,4,62,NA,479,1998,4,114,"Spring"
"480",113,45,14,56,NA,480,1998,4,115,"Spring"
"481",103,51,10,48,NA,481,1998,4,116,"Spring"
"482",92,36,9,45,NA,482,1998,4,117,"Spring"
"483",92,39,8,46,NA,483,1998,4,118,"Spring"
"484",102,52,7,54,NA,484,1998,4,119,"Spring"
"485",107,43,9,55,NA,485,1998,4,120,"Spring"
"486",108,52,5,59,NA,486,1998,5,121,"Spring"
"487",99,45,4,57,NA,487,1998,5,122,"Spring"
"488",93,34,9,53,NA,488,1998,5,123,"Spring"
"489",119,56,5,60,NA,489,1998,5,124,"Spring"
"490",115,43,11,62,NA,490,1998,5,125,"Spring"
"491",99,44,9,68,NA,491,1998,5,126,"Spring"
"492",80,31,3,57,NA,492,1998,5,127,"Spring"
"493",92,44,8,62,NA,493,1998,5,128,"Spring"
"494",110,51,8,58,NA,494,1998,5,129,"Spring"
"495",115,40,11,58,NA,495,1998,5,130,"Spring"
"496",101,46,8,61,NA,496,1998,5,131,"Spring"
"497",107,57,7,63,NA,497,1998,5,132,"Spring"
"498",112,41,4,68,NA,498,1998,5,133,"Spring"
"499",117,54,7,68,NA,499,1998,5,134,"Spring"
"500",117,56,7,75,NA,500,1998,5,135,"Spring"
"501",85,40,6,72,NA,501,1998,5,136,"Spring"
"502",120,55,8,68,NA,502,1998,5,137,"Spring"
"503",112,54,10,76,NA,503,1998,5,138,"Spring"
"504",137,63,10,79,NA,504,1998,5,139,"Spring"
"505",88,32,10,65,NA,505,1998,5,140,"Spring"
"506",101,40,5,64,NA,506,1998,5,141,"Spring"
"507",93,39,8,57,NA,507,1998,5,142,"Spring"
"508",100,37,14,61,NA,508,1998,5,143,"Spring"
"509",86,30,5,61,NA,509,1998,5,144,"Spring"
"510",87,32,9,62,NA,510,1998,5,145,"Spring"
"511",93,35,8,63,NA,511,1998,5,146,"Spring"
"512",106,43,9,67,NA,512,1998,5,147,"Spring"
"513",98,43,3,75,NA,513,1998,5,148,"Spring"
"514",114,49,11,74,NA,514,1998,5,149,"Spring"
"515",128,57,7,73,NA,515,1998,5,150,"Spring"
"516",118,50,9,70,NA,516,1998,5,151,"Spring"
"517",100,36,8,63,NA,517,1998,6,152,"Spring"
"518",103,42,1,63,NA,518,1998,6,153,"Spring"
"519",83,38,3,55,NA,519,1998,6,154,"Spring"
"520",109,42,5,56,NA,520,1998,6,155,"Spring"
"521",97,29,16,50,NA,521,1998,6,156,"Spring"
"522",107,51,3,54,NA,522,1998,6,157,"Spring"
"523",108,43,4,58,NA,523,1998,6,158,"Spring"
"524",113,49,8,56,NA,524,1998,6,159,"Spring"
"525",109,37,8,61,NA,525,1998,6,160,"Spring"
"526",102,39,10,68,NA,526,1998,6,161,"Spring"
"527",100,39,7,68,NA,527,1998,6,162,"Spring"
"528",108,47,8,74,NA,528,1998,6,163,"Spring"
"529",104,48,6,69,NA,529,1998,6,164,"Spring"
"530",92,41,8,67,NA,530,1998,6,165,"Spring"
"531",93,42,9,70,NA,531,1998,6,166,"Spring"
"532",101,41,6,70,NA,532,1998,6,167,"Spring"
"533",99,51,7,73,NA,533,1998,6,168,"Spring"
"534",124,53,10,77,NA,534,1998,6,169,"Spring"
"535",97,36,17,73,NA,535,1998,6,170,"Spring"
"536",104,46,7,78,NA,536,1998,6,171,"Spring"
"537",102,43,9,79,NA,537,1998,6,172,"Spring"
"538",90,43,6,74,NA,538,1998,6,173,"Spring"
"539",84,32,4,74,NA,539,1998,6,174,"Spring"
"540",107,42,7,83,NA,540,1998,6,175,"Spring"
"541",115,47,8,83,NA,541,1998,6,176,"Spring"
"542",103,49,11,79,NA,542,1998,6,177,"Spring"
"543",116,62,4,82,NA,543,1998,6,178,"Spring"
"544",104,55,8,78,NA,544,1998,6,179,"Spring"
"545",116,46,13,77,NA,545,1998,6,180,"Spring"
"546",96,47,5,74,NA,546,1998,6,181,"Spring"
"547",86,34,6,70,NA,547,1998,7,182,"Summer"
"548",98,37,20,73,NA,548,1998,7,183,"Summer"
"549",92,33,7,79,NA,549,1998,7,184,"Summer"
"550",105,39,8,69,NA,550,1998,7,185,"Summer"
"551",77,35,5,70,NA,551,1998,7,186,"Summer"
"552",105,46,8,78,NA,552,1998,7,187,"Summer"
"553",103,48,15,72,NA,553,1998,7,188,"Summer"
"554",104,44,9,74,NA,554,1998,7,189,"Summer"
"555",91,34,6,75,NA,555,1998,7,190,"Summer"
"556",80,36,6,73,NA,556,1998,7,191,"Summer"
"557",110,43,10,71,NA,557,1998,7,192,"Summer"
"558",95,35,6,71,NA,558,1998,7,193,"Summer"
"559",99,46,10,73,NA,559,1998,7,194,"Summer"
"560",101,42,6,78,NA,560,1998,7,195,"Summer"
"561",85,31,8,79,NA,561,1998,7,196,"Summer"
"562",105,45,8,80,NA,562,1998,7,197,"Summer"
"563",127,64,5,75,NA,563,1998,7,198,"Summer"
"564",103,33,9,77,NA,564,1998,7,199,"Summer"
"565",94,37,8,81,NA,565,1998,7,200,"Summer"
"566",90,35,11,79,NA,566,1998,7,201,"Summer"
"567",112,56,8,85,NA,567,1998,7,202,"Summer"
"568",111,44,9,76,NA,568,1998,7,203,"Summer"
"569",100,46,8,73,NA,569,1998,7,204,"Summer"
"570",104,56,7,72,NA,570,1998,7,205,"Summer"
"571",107,48,6,70,NA,571,1998,7,206,"Summer"
"572",117,40,10,70,NA,572,1998,7,207,"Summer"
"573",109,51,5,74,NA,573,1998,7,208,"Summer"
"574",103,46,6,79,NA,574,1998,7,209,"Summer"
"575",113,47,11,77,NA,575,1998,7,210,"Summer"
"576",101,36,4,72,NA,576,1998,7,211,"Summer"
"577",100,34,7,71,NA,577,1998,7,212,"Summer"
"578",105,36,14,72,NA,578,1998,8,213,"Summer"
"579",90,40,8,72,NA,579,1998,8,214,"Summer"
"580",109,38,6,78,NA,580,1998,8,215,"Summer"
"581",101,42,6,70,NA,581,1998,8,216,"Summer"
"582",96,46,9,76,NA,582,1998,8,217,"Summer"
"583",138,52,14,78,NA,583,1998,8,218,"Summer"
"584",116,38,9,75,NA,584,1998,8,219,"Summer"
"585",81,25,6,77,NA,585,1998,8,220,"Summer"
"586",81,33,7,77,NA,586,1998,8,221,"Summer"
"587",93,30,3,76,NA,587,1998,8,222,"Summer"
"588",96,49,8,71,NA,588,1998,8,223,"Summer"
"589",109,39,13,70,NA,589,1998,8,224,"Summer"
"590",98,36,8,71,NA,590,1998,8,225,"Summer"
"591",108,44,11,71,NA,591,1998,8,226,"Summer"
"592",93,35,10,71,NA,592,1998,8,227,"Summer"
"593",90,47,8,72,NA,593,1998,8,228,"Summer"
"594",111,55,12,75,NA,594,1998,8,229,"Summer"
"595",101,47,8,68,NA,595,1998,8,230,"Summer"
"596",104,39,4,69,NA,596,1998,8,231,"Summer"
"597",143,57,17,73,NA,597,1998,8,232,"Summer"
"598",101,41,10,80,NA,598,1998,8,233,"Summer"
"599",105,50,2,78,NA,599,1998,8,234,"Summer"
"600",104,52,7,81,NA,600,1998,8,235,"Summer"
"601",91,41,10,76,NA,601,1998,8,236,"Summer"
"602",103,32,6,76,NA,602,1998,8,237,"Summer"
"603",107,29,14,73,NA,603,1998,8,238,"Summer"
"604",111,50,11,72,NA,604,1998,8,239,"Summer"
"605",102,45,9,69,NA,605,1998,8,240,"Summer"
"606",92,43,8,76,NA,606,1998,8,241,"Summer"
"607",109,55,5,70,NA,607,1998,8,242,"Summer"
"608",119,54,8,69,NA,608,1998,8,243,"Summer"
"609",110,46,4,69,NA,609,1998,9,244,"Summer"
"610",91,38,13,65,NA,610,1998,9,245,"Summer"
"611",107,45,10,68,NA,611,1998,9,246,"Summer"
"612",99,45,7,69,NA,612,1998,9,247,"Summer"
"613",96,44,5,70,NA,613,1998,9,248,"Summer"
"614",122,42,6,81,NA,614,1998,9,249,"Summer"
"615",110,42,10,66,NA,615,1998,9,250,"Summer"
"616",90,46,11,63,NA,616,1998,9,251,"Summer"
"617",98,48,7,63,NA,617,1998,9,252,"Summer"
"618",104,38,9,63,NA,618,1998,9,253,"Summer"
"619",100,46,11,71,NA,619,1998,9,254,"Summer"
"620",117,49,11,74,NA,620,1998,9,255,"Summer"
"621",99,45,9,74,NA,621,1998,9,256,"Summer"
"622",107,48,6,72,NA,622,1998,9,257,"Summer"
"623",114,40,9,70,NA,623,1998,9,258,"Summer"
"624",97,37,11,72,NA,624,1998,9,259,"Summer"
"625",100,40,7,68,NA,625,1998,9,260,"Summer"
"626",106,38,5,68,NA,626,1998,9,261,"Summer"
"627",103,46,9,72,NA,627,1998,9,262,"Summer"
"628",107,46,9,76,NA,628,1998,9,263,"Summer"
"629",114,49,9,63,NA,629,1998,9,264,"Summer"
"630",87,33,9,58,NA,630,1998,9,265,"Summer"
"631",124,54,10,56,NA,631,1998,9,266,"Summer"
"632",113,52,11,59,NA,632,1998,9,267,"Summer"
"633",100,40,8,66,NA,633,1998,9,268,"Summer"
"634",113,41,11,79,NA,634,1998,9,269,"Summer"
"635",102,33,9,73,NA,635,1998,9,270,"Summer"
"636",105,39,7,63,NA,636,1998,9,271,"Summer"
"637",105,37,8,63,NA,637,1998,9,272,"Summer"
"638",96,51,10,64,NA,638,1998,9,273,"Summer"
"639",94,33,5,53,NA,639,1998,10,274,"Autumn"
"640",103,41,5,49,NA,640,1998,10,275,"Autumn"
"641",111,51,7,55,NA,641,1998,10,276,"Autumn"
"642",91,42,10,60,NA,642,1998,10,277,"Autumn"
"643",122,46,10,65,NA,643,1998,10,278,"Autumn"
"644",98,31,9,65,NA,644,1998,10,279,"Autumn"
"645",104,50,4,56,NA,645,1998,10,280,"Autumn"
"646",105,44,10,54,NA,646,1998,10,281,"Autumn"
"647",84,36,10,53,NA,647,1998,10,282,"Autumn"
"648",112,48,11,53,NA,648,1998,10,283,"Autumn"
"649",118,47,14,56,NA,649,1998,10,284,"Autumn"
"650",122,52,6,60,NA,650,1998,10,285,"Autumn"
"651",113,47,7,49,NA,651,1998,10,286,"Autumn"
"652",99,42,13,48,NA,652,1998,10,287,"Autumn"
"653",110,48,10,58,NA,653,1998,10,288,"Autumn"
"654",103,46,9,68,NA,654,1998,10,289,"Autumn"
"655",104,43,8,67,NA,655,1998,10,290,"Autumn"
"656",94,35,12,57,NA,656,1998,10,291,"Autumn"
"657",102,47,6,52,NA,657,1998,10,292,"Autumn"
"658",102,44,4,50,NA,658,1998,10,293,"Autumn"
"659",108,44,13,48,NA,659,1998,10,294,"Autumn"
"660",98,38,11,45,NA,660,1998,10,295,"Autumn"
"661",120,54,8,52,NA,661,1998,10,296,"Autumn"
"662",114,44,9,54,NA,662,1998,10,297,"Autumn"
"663",120,49,11,55,NA,663,1998,10,298,"Autumn"
"664",114,52,9,62,NA,664,1998,10,299,"Autumn"
"665",130,62,6,63,NA,665,1998,10,300,"Autumn"
"666",108,48,13,54,NA,666,1998,10,301,"Autumn"
"667",91,32,9,52,NA,667,1998,10,302,"Autumn"
"668",97,36,4,61,NA,668,1998,10,303,"Autumn"
"669",101,43,8,57,NA,669,1998,10,304,"Autumn"
"670",105,42,10,54,NA,670,1998,11,305,"Autumn"
"671",102,38,12,49,NA,671,1998,11,306,"Autumn"
"672",112,50,9,41,NA,672,1998,11,307,"Autumn"
"673",116,60,12,37,NA,673,1998,11,308,"Autumn"
"674",120,48,5,39,NA,674,1998,11,309,"Autumn"
"675",99,38,7,38,NA,675,1998,11,310,"Autumn"
"676",113,50,6,35,NA,676,1998,11,311,"Autumn"
"677",110,50,6,37,NA,677,1998,11,312,"Autumn"
"678",97,46,6,43,NA,678,1998,11,313,"Autumn"
"679",124,47,9,52,NA,679,1998,11,314,"Autumn"
"680",108,57,4,41,NA,680,1998,11,315,"Autumn"
"681",119,49,10,40,NA,681,1998,11,316,"Autumn"
"682",123,45,13,43,NA,682,1998,11,317,"Autumn"
"683",111,53,10,50,NA,683,1998,11,318,"Autumn"
"684",96,40,6,43,NA,684,1998,11,319,"Autumn"
"685",102,35,12,48,NA,685,1998,11,320,"Autumn"
"686",109,52,9,42,NA,686,1998,11,321,"Autumn"
"687",123,41,14,48,NA,687,1998,11,322,"Autumn"
"688",114,45,10,45,NA,688,1998,11,323,"Autumn"
"689",114,50,9,31,NA,689,1998,11,324,"Autumn"
"690",116,54,4,34,NA,690,1998,11,325,"Autumn"
"691",105,50,6,49,NA,691,1998,11,326,"Autumn"
"692",101,40,7,50,NA,692,1998,11,327,"Autumn"
"693",110,43,11,46,NA,693,1998,11,328,"Autumn"
"694",117,43,8,50,NA,694,1998,11,329,"Autumn"
"695",103,44,10,50,NA,695,1998,11,330,"Autumn"
"696",94,44,6,48,NA,696,1998,11,331,"Autumn"
"697",123,59,11,54,NA,697,1998,11,332,"Autumn"
"698",106,40,7,63,NA,698,1998,11,333,"Autumn"
"699",102,43,9,52,NA,699,1998,11,334,"Autumn"
"700",100,50,11,45,NA,700,1998,12,335,"Autumn"
"701",112,46,8,55,NA,701,1998,12,336,"Autumn"
"702",104,43,11,61,NA,702,1998,12,337,"Autumn"
"703",117,54,8,61,NA,703,1998,12,338,"Autumn"
"704",113,56,5,59,NA,704,1998,12,339,"Autumn"
"705",103,37,10,50,NA,705,1998,12,340,"Autumn"
"706",99,42,5,39,NA,706,1998,12,341,"Autumn"
"707",130,59,15,38,NA,707,1998,12,342,"Autumn"
"708",105,44,7,39,NA,708,1998,12,343,"Autumn"
"709",99,45,7,35,NA,709,1998,12,344,"Autumn"
"710",108,51,8,39,NA,710,1998,12,345,"Autumn"
"711",112,46,11,38,NA,711,1998,12,346,"Autumn"
"712",109,40,7,38,NA,712,1998,12,347,"Autumn"
"713",125,52,14,36,NA,713,1998,12,348,"Autumn"
"714",113,49,15,44,NA,714,1998,12,349,"Autumn"
"715",125,50,10,37,NA,715,1998,12,350,"Autumn"
"716",124,55,12,32,NA,716,1998,12,351,"Autumn"
"717",119,36,14,43,NA,717,1998,12,352,"Autumn"
"718",126,45,13,35,NA,718,1998,12,353,"Autumn"
"719",107,34,11,31,NA,719,1998,12,354,"Autumn"
"720",126,60,11,23,NA,720,1998,12,355,"Autumn"
"721",120,57,17,10,NA,721,1998,12,356,"Autumn"
"722",109,54,8,17,NA,722,1998,12,357,"Autumn"
"723",140,65,10,19,NA,723,1998,12,358,"Autumn"
"724",130,52,16,25,NA,724,1998,12,359,"Autumn"
"725",138,66,15,26,NA,725,1998,12,360,"Autumn"
"726",125,52,14,36,NA,726,1998,12,361,"Autumn"
"727",156,64,20,29,NA,727,1998,12,362,"Autumn"
"728",120,48,14,22,NA,728,1998,12,363,"Autumn"
"729",99,41,8,7,NA,729,1998,12,364,"Autumn"
"730",141,67,9,13,NA,730,1998,12,365,"Autumn"
"731",136,54,12,14,NA,731,1999,1,1,"Winter"
"732",147,62,12,22,NA,732,1999,1,2,"Winter"
"733",136,69,5,16,NA,733,1999,1,3,"Winter"
"734",128,65,6,-2,NA,734,1999,1,4,"Winter"
"735",126,54,12,1,NA,735,1999,1,5,"Winter"
"736",128,57,11,12,NA,736,1999,1,6,"Winter"
"737",154,72,9,1,NA,737,1999,1,7,"Winter"
"738",153,76,8,16,NA,738,1999,1,8,"Winter"
"739",113,56,16,4,NA,739,1999,1,9,"Winter"
"740",138,61,12,6,NA,740,1999,1,10,"Winter"
"741",150,79,14,5,NA,741,1999,1,11,"Winter"
"742",146,68,20,20,NA,742,1999,1,12,"Winter"
"743",137,60,8,20,NA,743,1999,1,13,"Winter"
"744",139,68,18,18,NA,744,1999,1,14,"Winter"
"745",118,44,19,23,NA,745,1999,1,15,"Winter"
"746",138,56,11,30,NA,746,1999,1,16,"Winter"
"747",93,39,11,28,NA,747,1999,1,17,"Winter"
"748",140,58,10,29,NA,748,1999,1,18,"Winter"
"749",118,50,12,27,NA,749,1999,1,19,"Winter"
"750",162,61,9,30,NA,750,1999,1,20,"Winter"
"751",138,69,9,37,NA,751,1999,1,21,"Winter"
"752",137,63,10,42,NA,752,1999,1,22,"Winter"
"753",136,62,15,39,NA,753,1999,1,23,"Winter"
"754",136,64,13,33,NA,754,1999,1,24,"Winter"
"755",148,59,18,28,NA,755,1999,1,25,"Winter"
"756",135,67,8,29,NA,756,1999,1,26,"Winter"
"757",120,47,11,42,NA,757,1999,1,27,"Winter"
"758",107,51,9,33,NA,758,1999,1,28,"Winter"
"759",133,50,17,33,NA,759,1999,1,29,"Winter"
"760",137,66,10,34,NA,760,1999,1,30,"Winter"
"761",119,41,19,36,NA,761,1999,1,31,"Winter"
"762",117,47,12,40,NA,762,1999,2,32,"Winter"
"763",131,54,12,38,NA,763,1999,2,33,"Winter"
"764",126,55,13,41,NA,764,1999,2,34,"Winter"
"765",143,67,11,31,NA,765,1999,2,35,"Winter"
"766",113,53,10,31,NA,766,1999,2,36,"Winter"
"767",145,48,14,40,NA,767,1999,2,37,"Winter"
"768",143,57,9,33,NA,768,1999,2,38,"Winter"
"769",134,56,17,37,NA,769,1999,2,39,"Winter"
"770",139,54,20,44,NA,770,1999,2,40,"Winter"
"771",145,58,14,44,NA,771,1999,2,41,"Winter"
"772",136,66,10,49,NA,772,1999,2,42,"Winter"
"773",135,68,16,23,NA,773,1999,2,43,"Winter"
"774",137,66,11,23,NA,774,1999,2,44,"Winter"
"775",138,50,14,34,NA,775,1999,2,45,"Winter"
"776",147,72,15,45,NA,776,1999,2,46,"Winter"
"777",125,64,9,39,NA,777,1999,2,47,"Winter"
"778",150,60,14,27,NA,778,1999,2,48,"Winter"
"779",142,65,14,29,NA,779,1999,2,49,"Winter"
"780",137,64,14,28,NA,780,1999,2,50,"Winter"
"781",145,59,14,25,NA,781,1999,2,51,"Winter"
"782",124,54,21,28,NA,782,1999,2,52,"Winter"
"783",136,66,11,26,NA,783,1999,2,53,"Winter"
"784",133,66,12,29,NA,784,1999,2,54,"Winter"
"785",130,61,9,27,NA,785,1999,2,55,"Winter"
"786",155,61,15,33,NA,786,1999,2,56,"Winter"
"787",149,63,13,36,NA,787,1999,2,57,"Winter"
"788",140,70,13,43,NA,788,1999,2,58,"Winter"
"789",114,48,15,37,NA,789,1999,2,59,"Winter"
"790",138,55,18,38,NA,790,1999,3,60,"Winter"
"791",137,53,16,37,NA,791,1999,3,61,"Winter"
"792",158,72,12,31,NA,792,1999,3,62,"Winter"
"793",142,66,19,30,NA,793,1999,3,63,"Winter"
"794",130,54,8,35,NA,794,1999,3,64,"Winter"
"795",112,33,13,25,NA,795,1999,3,65,"Winter"
"796",109,47,15,21,NA,796,1999,3,66,"Winter"
"797",126,61,21,24,NA,797,1999,3,67,"Winter"
"798",152,70,12,29,NA,798,1999,3,68,"Winter"
"799",123,55,14,29,NA,799,1999,3,69,"Winter"
"800",124,50,18,28,NA,800,1999,3,70,"Winter"
"801",117,50,15,27,NA,801,1999,3,71,"Winter"
"802",132,45,19,28,NA,802,1999,3,72,"Winter"
"803",124,57,10,32,NA,803,1999,3,73,"Winter"
"804",155,71,16,31,NA,804,1999,3,74,"Winter"
"805",132,57,10,43,NA,805,1999,3,75,"Winter"
"806",130,40,23,50,NA,806,1999,3,76,"Winter"
"807",114,45,14,38,NA,807,1999,3,77,"Winter"
"808",135,59,16,36,NA,808,1999,3,78,"Winter"
"809",141,63,13,39,NA,809,1999,3,79,"Winter"
"810",137,60,11,38,NA,810,1999,3,80,"Winter"
"811",142,51,11,36,NA,811,1999,3,81,"Winter"
"812",120,48,11,38,NA,812,1999,3,82,"Winter"
"813",121,44,17,35,NA,813,1999,3,83,"Winter"
"814",147,49,18,32,NA,814,1999,3,84,"Winter"
"815",143,69,11,35,NA,815,1999,3,85,"Winter"
"816",103,45,7,41,NA,816,1999,3,86,"Winter"
"817",113,45,9,43,NA,817,1999,3,87,"Winter"
"818",115,40,10,48,NA,818,1999,3,88,"Winter"
"819",116,44,8,55,NA,819,1999,3,89,"Winter"
"820",122,59,7,60,NA,820,1999,3,90,"Winter"
"821",113,42,12,58,NA,821,1999,4,91,"Spring"
"822",115,54,6,64,NA,822,1999,4,92,"Spring"
"823",117,48,11,63,NA,823,1999,4,93,"Spring"
"824",97,42,9,56,NA,824,1999,4,94,"Spring"
"825",108,49,11,50,NA,825,1999,4,95,"Spring"
"826",108,51,6,53,NA,826,1999,4,96,"Spring"
"827",127,63,4,55,NA,827,1999,4,97,"Spring"
"828",122,48,11,55,NA,828,1999,4,98,"Spring"
"829",126,57,13,45,NA,829,1999,4,99,"Spring"
"830",108,47,8,47,NA,830,1999,4,100,"Spring"
"831",114,55,9,46,NA,831,1999,4,101,"Spring"
"832",113,53,6,45,NA,832,1999,4,102,"Spring"
"833",120,50,13,50,NA,833,1999,4,103,"Spring"
"834",101,40,13,49,NA,834,1999,4,104,"Spring"
"835",119,54,15,49,NA,835,1999,4,105,"Spring"
"836",121,52,3,44,NA,836,1999,4,106,"Spring"
"837",120,51,8,44,NA,837,1999,4,107,"Spring"
"838",108,45,11,42,NA,838,1999,4,108,"Spring"
"839",106,46,11,42,NA,839,1999,4,109,"Spring"
"840",117,50,11,45,NA,840,1999,4,110,"Spring"
"841",111,50,9,54,NA,841,1999,4,111,"Spring"
"842",100,39,8,48,NA,842,1999,4,112,"Spring"
"843",116,47,9,43,NA,843,1999,4,113,"Spring"
"844",119,42,13,44,NA,844,1999,4,114,"Spring"
"845",90,36,8,48,NA,845,1999,4,115,"Spring"
"846",103,37,8,51,NA,846,1999,4,116,"Spring"
"847",113,49,10,50,NA,847,1999,4,117,"Spring"
"848",113,46,6,51,NA,848,1999,4,118,"Spring"
"849",109,48,11,52,NA,849,1999,4,119,"Spring"
"850",104,45,8,51,NA,850,1999,4,120,"Spring"
"851",106,54,5,56,NA,851,1999,5,121,"Spring"
"852",94,37,9,58,NA,852,1999,5,122,"Spring"
"853",114,43,5,64,NA,853,1999,5,123,"Spring"
"854",144,58,9,67,NA,854,1999,5,124,"Spring"
"855",102,41,8,70,NA,855,1999,5,125,"Spring"
"856",89,42,10,58,NA,856,1999,5,126,"Spring"
"857",103,39,9,56,NA,857,1999,5,127,"Spring"
"858",116,43,10,53,NA,858,1999,5,128,"Spring"
"859",97,38,9,51,NA,859,1999,5,129,"Spring"
"860",102,54,3,58,NA,860,1999,5,130,"Spring"
"861",132,45,8,67,NA,861,1999,5,131,"Spring"
"862",100,36,5,62,NA,862,1999,5,132,"Spring"
"863",102,33,13,51,NA,863,1999,5,133,"Spring"
"864",101,39,11,53,NA,864,1999,5,134,"Spring"
"865",107,49,10,60,NA,865,1999,5,135,"Spring"
"866",96,41,6,69,NA,866,1999,5,136,"Spring"
"867",116,42,11,69,NA,867,1999,5,137,"Spring"
"868",93,45,8,61,NA,868,1999,5,138,"Spring"
"869",104,45,8,61,NA,869,1999,5,139,"Spring"
"870",95,32,5,64,NA,870,1999,5,140,"Spring"
"871",118,55,6,66,NA,871,1999,5,141,"Spring"
"872",91,37,4,59,NA,872,1999,5,142,"Spring"
"873",88,33,8,60,NA,873,1999,5,143,"Spring"
"874",114,41,4,51,NA,874,1999,5,144,"Spring"
"875",114,49,11,56,NA,875,1999,5,145,"Spring"
"876",95,39,4,60,NA,876,1999,5,146,"Spring"
"877",96,39,6,64,NA,877,1999,5,147,"Spring"
"878",108,46,8,75,NA,878,1999,5,148,"Spring"
"879",94,40,8,76,NA,879,1999,5,149,"Spring"
"880",109,43,6,70,NA,880,1999,5,150,"Spring"
"881",102,41,8,73,NA,881,1999,5,151,"Spring"
"882",110,39,6,65,NA,882,1999,6,152,"Spring"
"883",124,60,9,64,NA,883,1999,6,153,"Spring"
"884",85,28,12,58,NA,884,1999,6,154,"Spring"
"885",114,46,7,64,NA,885,1999,6,155,"Spring"
"886",108,40,9,75,NA,886,1999,6,156,"Spring"
"887",107,43,12,80,NA,887,1999,6,157,"Spring"
"888",98,38,8,81,NA,888,1999,6,158,"Spring"
"889",120,42,11,80,NA,889,1999,6,159,"Spring"
"890",107,49,11,79,NA,890,1999,6,160,"Spring"
"891",111,54,11,79,NA,891,1999,6,161,"Spring"
"892",94,40,4,78,NA,892,1999,6,162,"Spring"
"893",88,36,9,75,NA,893,1999,6,163,"Spring"
"894",114,47,9,65,NA,894,1999,6,164,"Spring"
"895",99,47,8,66,NA,895,1999,6,165,"Spring"
"896",102,53,7,58,NA,896,1999,6,166,"Spring"
"897",102,46,11,61,NA,897,1999,6,167,"Spring"
"898",85,36,6,57,NA,898,1999,6,168,"Spring"
"899",101,34,7,59,NA,899,1999,6,169,"Spring"
"900",97,42,8,68,NA,900,1999,6,170,"Spring"
"901",101,45,9,67,NA,901,1999,6,171,"Spring"
"902",123,59,9,72,NA,902,1999,6,172,"Spring"
"903",97,45,5,74,NA,903,1999,6,173,"Spring"
"904",111,46,5,76,NA,904,1999,6,174,"Spring"
"905",89,38,6,76,NA,905,1999,6,175,"Spring"
"906",105,43,7,75,NA,906,1999,6,176,"Spring"
"907",95,42,9,76,NA,907,1999,6,177,"Spring"
"908",106,54,7,78,NA,908,1999,6,178,"Spring"
"909",94,39,13,77,NA,909,1999,6,179,"Spring"
"910",94,38,6,66,NA,910,1999,6,180,"Spring"
"911",98,40,7,68,NA,911,1999,6,181,"Spring"
"912",114,47,11,74,NA,912,1999,7,182,"Summer"
"913",98,34,6,77,NA,913,1999,7,183,"Summer"
"914",111,49,6,84,NA,914,1999,7,184,"Summer"
"915",90,38,7,86,NA,915,1999,7,185,"Summer"
"916",104,44,7,87,NA,916,1999,7,186,"Summer"
"917",113,47,4,79,NA,917,1999,7,187,"Summer"
"918",116,38,14,75,NA,918,1999,7,188,"Summer"
"919",89,44,5,76,NA,919,1999,7,189,"Summer"
"920",105,46,8,76,NA,920,1999,7,190,"Summer"
"921",89,42,8,64,NA,921,1999,7,191,"Summer"
"922",83,36,8,67,NA,922,1999,7,192,"Summer"
"923",99,39,5,68,NA,923,1999,7,193,"Summer"
"924",103,46,3,70,NA,924,1999,7,194,"Summer"
"925",133,36,13,74,NA,925,1999,7,195,"Summer"
"926",93,40,4,78,NA,926,1999,7,196,"Summer"
"927",115,48,4,82,NA,927,1999,7,197,"Summer"
"928",122,51,8,75,NA,928,1999,7,198,"Summer"
"929",89,39,4,77,NA,929,1999,7,199,"Summer"
"930",96,41,7,79,NA,930,1999,7,200,"Summer"
"931",115,54,10,76,NA,931,1999,7,201,"Summer"
"932",98,47,6,83,NA,932,1999,7,202,"Summer"
"933",88,38,7,82,NA,933,1999,7,203,"Summer"
"934",95,39,6,83,NA,934,1999,7,204,"Summer"
"935",110,45,9,82,NA,935,1999,7,205,"Summer"
"936",102,48,5,85,NA,936,1999,7,206,"Summer"
"937",99,44,12,80,NA,937,1999,7,207,"Summer"
"938",121,45,14,79,NA,938,1999,7,208,"Summer"
"939",98,44,4,82,NA,939,1999,7,209,"Summer"
"940",105,47,14,83,NA,940,1999,7,210,"Summer"
"941",139,62,7,90,NA,941,1999,7,211,"Summer"
"942",139,80,7,83,NA,942,1999,7,212,"Summer"
"943",116,51,10,74,NA,943,1999,8,213,"Summer"
"944",117,62,10,71,NA,944,1999,8,214,"Summer"
"945",87,42,5,71,NA,945,1999,8,215,"Summer"
"946",93,38,2,76,NA,946,1999,8,216,"Summer"
"947",102,40,9,73,NA,947,1999,8,217,"Summer"
"948",107,44,7,76,NA,948,1999,8,218,"Summer"
"949",108,36,10,72,NA,949,1999,8,219,"Summer"
"950",109,42,9,66,NA,950,1999,8,220,"Summer"
"951",105,51,9,66,NA,951,1999,8,221,"Summer"
"952",107,39,7,78,NA,952,1999,8,222,"Summer"
"953",104,39,9,75,NA,953,1999,8,223,"Summer"
"954",105,47,5,70,NA,954,1999,8,224,"Summer"
"955",102,41,12,72,NA,955,1999,8,225,"Summer"
"956",100,40,12,64,NA,956,1999,8,226,"Summer"
"957",73,27,6,66,NA,957,1999,8,227,"Summer"
"958",95,42,2,73,NA,958,1999,8,228,"Summer"
"959",128,52,10,75,NA,959,1999,8,229,"Summer"
"960",87,32,8,67,NA,960,1999,8,230,"Summer"
"961",81,28,2,68,NA,961,1999,8,231,"Summer"
"962",90,32,6,67,NA,962,1999,8,232,"Summer"
"963",99,39,4,65,NA,963,1999,8,233,"Summer"
"964",124,44,12,67,NA,964,1999,8,234,"Summer"
"965",98,37,5,72,NA,965,1999,8,235,"Summer"
"966",99,44,5,71,NA,966,1999,8,236,"Summer"
"967",89,38,4,70,NA,967,1999,8,237,"Summer"
"968",103,56,5,72,NA,968,1999,8,238,"Summer"
"969",87,31,6,74,NA,969,1999,8,239,"Summer"
"970",105,43,9,80,NA,970,1999,8,240,"Summer"
"971",104,39,13,69,NA,971,1999,8,241,"Summer"
"972",98,36,4,62,NA,972,1999,8,242,"Summer"
"973",109,45,7,65,NA,973,1999,8,243,"Summer"
"974",85,25,3,70,NA,974,1999,9,244,"Summer"
"975",100,40,6,74,NA,975,1999,9,245,"Summer"
"976",115,46,7,76,NA,976,1999,9,246,"Summer"
"977",110,44,6,79,NA,977,1999,9,247,"Summer"
"978",100,37,5,77,NA,978,1999,9,248,"Summer"
"979",100,36,7,66,NA,979,1999,9,249,"Summer"
"980",98,43,6,65,NA,980,1999,9,250,"Summer"
"981",100,41,15,71,NA,981,1999,9,251,"Summer"
"982",90,37,5,62,NA,982,1999,9,252,"Summer"
"983",97,38,6,62,NA,983,1999,9,253,"Summer"
"984",93,35,5,64,NA,984,1999,9,254,"Summer"
"985",106,42,9,68,NA,985,1999,9,255,"Summer"
"986",111,45,7,59,NA,986,1999,9,256,"Summer"
"987",105,45,8,59,NA,987,1999,9,257,"Summer"
"988",104,42,13,55,NA,988,1999,9,258,"Summer"
"989",111,46,12,59,NA,989,1999,9,259,"Summer"
"990",99,39,7,59,NA,990,1999,9,260,"Summer"
"991",103,49,4,62,NA,991,1999,9,261,"Summer"
"992",109,49,4,64,NA,992,1999,9,262,"Summer"
"993",100,36,11,58,NA,993,1999,9,263,"Summer"
"994",107,47,6,51,NA,994,1999,9,264,"Summer"
"995",102,46,8,57,NA,995,1999,9,265,"Summer"
"996",103,32,6,66,NA,996,1999,9,266,"Summer"
"997",114,50,8,57,NA,997,1999,9,267,"Summer"
"998",93,37,4,62,NA,998,1999,9,268,"Summer"
"999",121,53,5,72,NA,999,1999,9,269,"Summer"
"1000",96,39,5,66,NA,1000,1999,9,270,"Summer"
"1001",116,50,4,58,NA,1001,1999,9,271,"Summer"
"1002",96,45,6,56,NA,1002,1999,9,272,"Summer"
"1003",89,32,6,56,NA,1003,1999,9,273,"Summer"
"1004",89,46,5,51,NA,1004,1999,10,274,"Autumn"
"1005",119,44,8,46,NA,1005,1999,10,275,"Autumn"
"1006",101,47,5,44,NA,1006,1999,10,276,"Autumn"
"1007",111,43,7,47,NA,1007,1999,10,277,"Autumn"
"1008",106,42,10,51,NA,1008,1999,10,278,"Autumn"
"1009",110,44,11,52,NA,1009,1999,10,279,"Autumn"
"1010",115,52,6,59,NA,1010,1999,10,280,"Autumn"
"1011",107,40,10,61,NA,1011,1999,10,281,"Autumn"
"1012",124,49,7,59,NA,1012,1999,10,282,"Autumn"
"1013",108,44,10,66,NA,1013,1999,10,283,"Autumn"
"1014",97,42,9,55,NA,1014,1999,10,284,"Autumn"
"1015",105,35,9,62,NA,1015,1999,10,285,"Autumn"
"1016",113,41,10,56,NA,1016,1999,10,286,"Autumn"
"1017",103,49,8,48,NA,1017,1999,10,287,"Autumn"
"1018",98,44,8,64,NA,1018,1999,10,288,"Autumn"
"1019",100,36,11,58,NA,1019,1999,10,289,"Autumn"
"1020",98,41,12,45,NA,1020,1999,10,290,"Autumn"
"1021",97,36,8,44,NA,1021,1999,10,291,"Autumn"
"1022",106,46,7,50,NA,1022,1999,10,292,"Autumn"
"1023",90,36,13,44,NA,1023,1999,10,293,"Autumn"
"1024",103,38,7,52,NA,1024,1999,10,294,"Autumn"
"1025",108,40,11,51,NA,1025,1999,10,295,"Autumn"
"1026",101,41,4,43,NA,1026,1999,10,296,"Autumn"
"1027",134,56,13,40,NA,1027,1999,10,297,"Autumn"
"1028",111,55,9,50,NA,1028,1999,10,298,"Autumn"
"1029",113,50,9,53,NA,1029,1999,10,299,"Autumn"
"1030",119,45,9,48,NA,1030,1999,10,300,"Autumn"
"1031",103,37,11,64,NA,1031,1999,10,301,"Autumn"
"1032",127,59,10,62,NA,1032,1999,10,302,"Autumn"
"1033",108,55,7,66,NA,1033,1999,10,303,"Autumn"
"1034",106,51,10,58,NA,1034,1999,10,304,"Autumn"
"1035",106,47,11,59,NA,1035,1999,11,305,"Autumn"
"1036",106,40,5,42,NA,1036,1999,11,306,"Autumn"
"1037",108,44,10,37,NA,1037,1999,11,307,"Autumn"
"1038",100,42,11,46,NA,1038,1999,11,308,"Autumn"
"1039",123,51,6,55,NA,1039,1999,11,309,"Autumn"
"1040",114,38,11,45,NA,1040,1999,11,310,"Autumn"
"1041",102,39,5,44,NA,1041,1999,11,311,"Autumn"
"1042",97,48,4,55,NA,1042,1999,11,312,"Autumn"
"1043",145,50,12,67,NA,1043,1999,11,313,"Autumn"
"1044",99,41,4,58,NA,1044,1999,11,314,"Autumn"
"1045",115,48,10,44,NA,1045,1999,11,315,"Autumn"
"1046",115,50,10,47,NA,1046,1999,11,316,"Autumn"
"1047",109,44,4,54,NA,1047,1999,11,317,"Autumn"
"1048",101,37,9,45,NA,1048,1999,11,318,"Autumn"
"1049",130,54,10,41,NA,1049,1999,11,319,"Autumn"
"1050",100,47,9,38,NA,1050,1999,11,320,"Autumn"
"1051",122,49,6,40,NA,1051,1999,11,321,"Autumn"
"1052",113,50,8,58,NA,1052,1999,11,322,"Autumn"
"1053",118,38,11,49,NA,1053,1999,11,323,"Autumn"
"1054",119,53,11,39,NA,1054,1999,11,324,"Autumn"
"1055",131,56,7,42,NA,1055,1999,11,325,"Autumn"
"1056",101,43,4,54,NA,1056,1999,11,326,"Autumn"
"1057",116,48,12,52,NA,1057,1999,11,327,"Autumn"
"1058",93,38,6,40,NA,1058,1999,11,328,"Autumn"
"1059",99,47,7,36,NA,1059,1999,11,329,"Autumn"
"1060",131,53,6,37,NA,1060,1999,11,330,"Autumn"
"1061",131,54,12,41,NA,1061,1999,11,331,"Autumn"
"1062",123,60,5,34,NA,1062,1999,11,332,"Autumn"
"1063",123,62,7,32,NA,1063,1999,11,333,"Autumn"
"1064",100,41,4,30,NA,1064,1999,11,334,"Autumn"
"1065",112,43,12,36,NA,1065,1999,12,335,"Autumn"
"1066",116,47,15,50,NA,1066,1999,12,336,"Autumn"
"1067",107,46,10,53,NA,1067,1999,12,337,"Autumn"
"1068",129,57,9,49,NA,1068,1999,12,338,"Autumn"
"1069",122,49,11,39,NA,1069,1999,12,339,"Autumn"
"1070",122,51,11,29,NA,1070,1999,12,340,"Autumn"
"1071",113,47,10,33,NA,1071,1999,12,341,"Autumn"
"1072",122,50,12,38,NA,1072,1999,12,342,"Autumn"
"1073",127,51,13,43,NA,1073,1999,12,343,"Autumn"
"1074",120,55,9,31,NA,1074,1999,12,344,"Autumn"
"1075",124,47,14,31,NA,1075,1999,12,345,"Autumn"
"1076",127,55,8,35,NA,1076,1999,12,346,"Autumn"
"1077",127,53,11,35,NA,1077,1999,12,347,"Autumn"
"1078",129,48,13,38,NA,1078,1999,12,348,"Autumn"
"1079",122,43,11,36,NA,1079,1999,12,349,"Autumn"
"1080",132,70,8,27,NA,1080,1999,12,350,"Autumn"
"1081",135,61,6,23,NA,1081,1999,12,351,"Autumn"
"1082",112,54,9,19,NA,1082,1999,12,352,"Autumn"
"1083",114,45,12,32,NA,1083,1999,12,353,"Autumn"
"1084",142,66,10,21,NA,1084,1999,12,354,"Autumn"
"1085",124,47,12,8,NA,1085,1999,12,355,"Autumn"
"1086",127,63,14,13,NA,1086,1999,12,356,"Autumn"
"1087",121,51,10,10,NA,1087,1999,12,357,"Autumn"
"1088",123,49,8,14,NA,1088,1999,12,358,"Autumn"
"1089",140,63,13,19,NA,1089,1999,12,359,"Autumn"
"1090",150,67,18,28,NA,1090,1999,12,360,"Autumn"
"1091",153,73,20,19,NA,1091,1999,12,361,"Autumn"
"1092",164,73,22,21,NA,1092,1999,12,362,"Autumn"
"1093",123,43,12,36,NA,1093,1999,12,363,"Autumn"
"1094",131,64,11,34,NA,1094,1999,12,364,"Autumn"
"1095",127,57,12,34,NA,1095,1999,12,365,"Autumn"
"1096",160,70,18,42,NA,1096,2000,1,1,"Winter"
"1097",147,64,24,48,NA,1097,2000,1,2,"Winter"
"1098",160,80,10,35,NA,1098,2000,1,3,"Winter"
"1099",131,53,24,28,NA,1099,2000,1,4,"Winter"
"1100",126,47,18,20,NA,1100,2000,1,5,"Winter"
"1101",127,58,11,34,NA,1101,2000,1,6,"Winter"
"1102",139,65,10,25,NA,1102,2000,1,7,"Winter"
"1103",139,54,17,37,NA,1103,2000,1,8,"Winter"
"1104",124,54,12,39,NA,1104,2000,1,9,"Winter"
"1105",139,60,17,42,NA,1105,2000,1,10,"Winter"
"1106",135,53,14,33,NA,1106,2000,1,11,"Winter"
"1107",122,47,17,31,NA,1107,2000,1,12,"Winter"
"1108",137,54,10,25,NA,1108,2000,1,13,"Winter"
"1109",122,51,15,20,NA,1109,2000,1,14,"Winter"
"1110",140,65,18,34,NA,1110,2000,1,15,"Winter"
"1111",124,41,17,31,NA,1111,2000,1,16,"Winter"
"1112",108,40,14,22,NA,1112,2000,1,17,"Winter"
"1113",139,55,24,25,NA,1113,2000,1,18,"Winter"
"1114",137,53,14,21,NA,1114,2000,1,19,"Winter"
"1115",129,53,12,10,NA,1115,2000,1,20,"Winter"
"1116",128,51,13,5,NA,1116,2000,1,21,"Winter"
"1117",119,57,13,17,NA,1117,2000,1,22,"Winter"
"1118",125,54,13,16,NA,1118,2000,1,23,"Winter"
"1119",123,64,15,6,NA,1119,2000,1,24,"Winter"
"1120",133,56,21,17,NA,1120,2000,1,25,"Winter"
"1121",119,43,18,15,NA,1121,2000,1,26,"Winter"
"1122",117,47,8,20,NA,1122,2000,1,27,"Winter"
"1123",124,51,16,21,NA,1123,2000,1,28,"Winter"
"1124",129,50,10,24,NA,1124,2000,1,29,"Winter"
"1125",112,55,9,28,NA,1125,2000,1,30,"Winter"
"1126",129,52,13,20,NA,1126,2000,1,31,"Winter"
"1127",110,48,16,25,NA,1127,2000,2,32,"Winter"
"1128",113,45,9,21,NA,1128,2000,2,33,"Winter"
"1129",117,51,13,33,NA,1129,2000,2,34,"Winter"
"1130",109,49,8,25,NA,1130,2000,2,35,"Winter"
"1131",127,53,6,21,NA,1131,2000,2,36,"Winter"
"1132",113,43,10,23,NA,1132,2000,2,37,"Winter"
"1133",114,48,9,26,NA,1133,2000,2,38,"Winter"
"1134",116,51,13,22,NA,1134,2000,2,39,"Winter"
"1135",129,45,14,41,NA,1135,2000,2,40,"Winter"
"1136",103,48,7,35,NA,1136,2000,2,41,"Winter"
"1137",114,46,10,24,NA,1137,2000,2,42,"Winter"
"1138",102,39,5,24,NA,1138,2000,2,43,"Winter"
"1139",97,36,6,30,NA,1139,2000,2,44,"Winter"
"1140",116,52,9,26,NA,1140,2000,2,45,"Winter"
"1141",123,54,8,31,NA,1141,2000,2,46,"Winter"
"1142",91,37,6,28,NA,1142,2000,2,47,"Winter"
"1143",106,52,4,27,NA,1143,2000,2,48,"Winter"
"1144",122,58,10,30,NA,1144,2000,2,49,"Winter"
"1145",133,62,11,29,NA,1145,2000,2,50,"Winter"
"1146",111,47,10,27,NA,1146,2000,2,51,"Winter"
"1147",134,48,20,35,NA,1147,2000,2,52,"Winter"
"1148",120,49,10,49,NA,1148,2000,2,53,"Winter"
"1149",120,41,16,59,NA,1149,2000,2,54,"Winter"
"1150",94,31,6,49,NA,1150,2000,2,55,"Winter"
"1151",114,41,13,55,NA,1151,2000,2,56,"Winter"
"1152",110,47,8,56,NA,1152,2000,2,57,"Winter"
"1153",109,49,9,45,NA,1153,2000,2,58,"Winter"
"1154",111,44,11,43,NA,1154,2000,2,59,"Winter"
"1155",103,40,9,54,NA,1155,2000,2,60,"Winter"
"1156",112,46,9,46,NA,1156,2000,3,61,"Winter"
"1157",101,37,9,33,NA,1157,2000,3,62,"Winter"
"1158",105,44,9,35,NA,1158,2000,3,63,"Winter"
"1159",104,36,10,46,NA,1159,2000,3,64,"Winter"
"1160",95,35,10,52,NA,1160,2000,3,65,"Winter"
"1161",109,44,12,51,NA,1161,2000,3,66,"Winter"
"1162",109,47,6,66,NA,1162,2000,3,67,"Winter"
"1163",130,60,12,67,NA,1163,2000,3,68,"Winter"
"1164",87,40,3,46,NA,1164,2000,3,69,"Winter"
"1165",111,52,6,30,NA,1165,2000,3,70,"Winter"
"1166",119,46,8,30,NA,1166,2000,3,71,"Winter"
"1167",99,47,4,34,NA,1167,2000,3,72,"Winter"
"1168",109,38,12,39,NA,1168,2000,3,73,"Winter"
"1169",84,40,5,45,NA,1169,2000,3,74,"Winter"
"1170",110,39,9,50,NA,1170,2000,3,75,"Winter"
"1171",108,43,6,33,NA,1171,2000,3,76,"Winter"
"1172",102,45,6,32,NA,1172,2000,3,77,"Winter"
"1173",113,47,6,34,NA,1173,2000,3,78,"Winter"
"1174",100,46,12,39,NA,1174,2000,3,79,"Winter"
"1175",126,56,6,49,NA,1175,2000,3,80,"Winter"
"1176",93,38,9,47,NA,1176,2000,3,81,"Winter"
"1177",113,48,9,51,NA,1177,2000,3,82,"Winter"
"1178",99,38,7,50,NA,1178,2000,3,83,"Winter"
"1179",99,38,7,57,NA,1179,2000,3,84,"Winter"
"1180",106,42,10,53,NA,1180,2000,3,85,"Winter"
"1181",106,51,8,52,NA,1181,2000,3,86,"Winter"
"1182",119,48,10,47,NA,1182,2000,3,87,"Winter"
"1183",93,40,4,39,NA,1183,2000,3,88,"Winter"
"1184",90,34,11,40,NA,1184,2000,3,89,"Winter"
"1185",111,49,11,40,NA,1185,2000,3,90,"Winter"
"1186",97,38,8,45,NA,1186,2000,3,91,"Winter"
"1187",98,42,7,52,NA,1187,2000,4,92,"Spring"
"1188",98,42,4,51,NA,1188,2000,4,93,"Spring"
"1189",116,42,6,52,NA,1189,2000,4,94,"Spring"
"1190",111,42,8,38,NA,1190,2000,4,95,"Spring"
"1191",122,39,10,44,NA,1191,2000,4,96,"Spring"
"1192",120,52,8,53,NA,1192,2000,4,97,"Spring"
"1193",114,42,10,41,NA,1193,2000,4,98,"Spring"
"1194",108,35,8,34,NA,1194,2000,4,99,"Spring"
"1195",115,59,5,45,NA,1195,2000,4,100,"Spring"
"1196",120,51,6,37,NA,1196,2000,4,101,"Spring"
"1197",86,37,5,34,NA,1197,2000,4,102,"Spring"
"1198",122,46,5,39,NA,1198,2000,4,103,"Spring"
"1199",99,49,4,49,NA,1199,2000,4,104,"Spring"
"1200",121,46,6,58,NA,1200,2000,4,105,"Spring"
"1201",100,38,5,56,NA,1201,2000,4,106,"Spring"
"1202",125,45,13,44,NA,1202,2000,4,107,"Spring"
"1203",101,43,6,41,NA,1203,2000,4,108,"Spring"
"1204",120,44,7,48,NA,1204,2000,4,109,"Spring"
"1205",97,39,11,52,NA,1205,2000,4,110,"Spring"
"1206",108,40,10,53,NA,1206,2000,4,111,"Spring"
"1207",105,36,7,44,NA,1207,2000,4,112,"Spring"
"1208",97,48,9,48,NA,1208,2000,4,113,"Spring"
"1209",84,35,5,47,NA,1209,2000,4,114,"Spring"
"1210",112,49,10,52,NA,1210,2000,4,115,"Spring"
"1211",112,54,5,49,NA,1211,2000,4,116,"Spring"
"1212",123,48,14,52,NA,1212,2000,4,117,"Spring"
"1213",123,48,8,53,NA,1213,2000,4,118,"Spring"
"1214",127,47,14,54,NA,1214,2000,4,119,"Spring"
"1215",85,38,4,48,NA,1215,2000,4,120,"Spring"
"1216",113,50,9,54,NA,1216,2000,4,121,"Spring"
"1217",122,51,15,57,NA,1217,2000,5,122,"Spring"
"1218",97,40,4,57,NA,1218,2000,5,123,"Spring"
"1219",102,40,5,63,NA,1219,2000,5,124,"Spring"
"1220",118,45,8,72,NA,1220,2000,5,125,"Spring"
"1221",126,52,9,74,NA,1221,2000,5,126,"Spring"
"1222",125,40,14,74,NA,1222,2000,5,127,"Spring"
"1223",104,42,8,71,NA,1223,2000,5,128,"Spring"
"1224",128,54,9,76,NA,1224,2000,5,129,"Spring"
"1225",108,40,7,59,NA,1225,2000,5,130,"Spring"
"1226",104,43,6,55,NA,1226,2000,5,131,"Spring"
"1227",114,44,10,67,NA,1227,2000,5,132,"Spring"
"1228",102,32,5,73,NA,1228,2000,5,133,"Spring"
"1229",94,38,2,53,NA,1229,2000,5,134,"Spring"
"1230",105,48,10,52,NA,1230,2000,5,135,"Spring"
"1231",108,48,9,57,NA,1231,2000,5,136,"Spring"
"1232",95,44,6,61,NA,1232,2000,5,137,"Spring"
"1233",111,55,6,61,NA,1233,2000,5,138,"Spring"
"1234",102,40,10,58,NA,1234,2000,5,139,"Spring"
"1235",105,43,8,46,NA,1235,2000,5,140,"Spring"
"1236",104,42,6,55,NA,1236,2000,5,141,"Spring"
"1237",104,47,3,57,NA,1237,2000,5,142,"Spring"
"1238",122,40,5,67,NA,1238,2000,5,143,"Spring"
"1239",104,44,7,69,NA,1239,2000,5,144,"Spring"
"1240",94,42,7,68,NA,1240,2000,5,145,"Spring"
"1241",121,51,10,64,NA,1241,2000,5,146,"Spring"
"1242",89,41,5,61,NA,1242,2000,5,147,"Spring"
"1243",102,44,10,60,NA,1243,2000,5,148,"Spring"
"1244",101,47,9,55,NA,1244,2000,5,149,"Spring"
"1245",117,36,6,56,NA,1245,2000,5,150,"Spring"
"1246",102,44,4,65,NA,1246,2000,5,151,"Spring"
"1247",105,33,6,67,NA,1247,2000,5,152,"Spring"
"1248",99,41,5,73,NA,1248,2000,6,153,"Spring"
"1249",89,29,10,60,NA,1249,2000,6,154,"Spring"
"1250",87,44,3,55,NA,1250,2000,6,155,"Spring"
"1251",88,35,5,56,NA,1251,2000,6,156,"Spring"
"1252",92,37,6,54,NA,1252,2000,6,157,"Spring"
"1253",116,55,8,60,NA,1253,2000,6,158,"Spring"
"1254",122,61,8,64,NA,1254,2000,6,159,"Spring"
"1255",113,43,10,78,NA,1255,2000,6,160,"Spring"
"1256",115,49,7,77,NA,1256,2000,6,161,"Spring"
"1257",134,58,7,80,NA,1257,2000,6,162,"Spring"
"1258",98,33,6,70,NA,1258,2000,6,163,"Spring"
"1259",109,43,8,57,NA,1259,2000,6,164,"Spring"
"1260",109,53,5,69,NA,1260,2000,6,165,"Spring"
"1261",90,40,8,72,NA,1261,2000,6,166,"Spring"
"1262",95,36,4,70,NA,1262,2000,6,167,"Spring"
"1263",114,43,5,67,NA,1263,2000,6,168,"Spring"
"1264",106,44,9,60,NA,1264,2000,6,169,"Spring"
"1265",92,39,5,65,NA,1265,2000,6,170,"Spring"
"1266",89,32,3,66,NA,1266,2000,6,171,"Spring"
"1267",101,40,9,74,NA,1267,2000,6,172,"Spring"
"1268",114,52,6,74,NA,1268,2000,6,173,"Spring"
"1269",89,35,5,72,NA,1269,2000,6,174,"Spring"
"1270",92,34,3,71,NA,1270,2000,6,175,"Spring"
"1271",108,42,4,71,NA,1271,2000,6,176,"Spring"
"1272",99,33,11,75,NA,1272,2000,6,177,"Spring"
"1273",120,42,8,72,NA,1273,2000,6,178,"Spring"
"1274",106,40,9,68,NA,1274,2000,6,179,"Spring"
"1275",84,32,9,62,NA,1275,2000,6,180,"Spring"
"1276",102,43,7,66,NA,1276,2000,6,181,"Spring"
"1277",105,42,5,66,NA,1277,2000,6,182,"Spring"
"1278",99,37,8,71,NA,1278,2000,7,183,"Summer"
"1279",85,30,6,74,NA,1279,2000,7,184,"Summer"
"1280",97,42,5,68,NA,1280,2000,7,185,"Summer"
"1281",88,44,7,70,NA,1281,2000,7,186,"Summer"
"1282",120,58,7,76,NA,1282,2000,7,187,"Summer"
"1283",89,40,6,74,NA,1283,2000,7,188,"Summer"
"1284",108,43,8,70,NA,1284,2000,7,189,"Summer"
"1285",117,55,5,73,NA,1285,2000,7,190,"Summer"
"1286",111,42,9,81,NA,1286,2000,7,191,"Summer"
"1287",98,37,4,73,NA,1287,2000,7,192,"Summer"
"1288",119,51,2,69,NA,1288,2000,7,193,"Summer"
"1289",96,40,10,72,NA,1289,2000,7,194,"Summer"
"1290",108,44,4,75,NA,1290,2000,7,195,"Summer"
"1291",97,39,13,77,NA,1291,2000,7,196,"Summer"
"1292",116,40,7,73,NA,1292,2000,7,197,"Summer"
"1293",91,35,13,73,NA,1293,2000,7,198,"Summer"
"1294",94,37,7,77,NA,1294,2000,7,199,"Summer"
"1295",98,38,3,66,NA,1295,2000,7,200,"Summer"
"1296",83,36,1,63,NA,1296,2000,7,201,"Summer"
"1297",91,41,2,67,NA,1297,2000,7,202,"Summer"
"1298",100,40,7,67,NA,1298,2000,7,203,"Summer"
"1299",97,40,9,63,NA,1299,2000,7,204,"Summer"
"1300",98,40,10,63,NA,1300,2000,7,205,"Summer"
"1301",112,35,11,66,NA,1301,2000,7,206,"Summer"
"1302",106,45,10,69,NA,1302,2000,7,207,"Summer"
"1303",103,37,7,73,NA,1303,2000,7,208,"Summer"
"1304",92,25,7,77,NA,1304,2000,7,209,"Summer"
"1305",93,40,5,74,NA,1305,2000,7,210,"Summer"
"1306",111,43,7,73,NA,1306,2000,7,211,"Summer"
"1307",84,37,10,71,NA,1307,2000,7,212,"Summer"
"1308",111,36,9,70,NA,1308,2000,7,213,"Summer"
"1309",97,40,5,73,NA,1309,2000,8,214,"Summer"
"1310",101,47,5,76,NA,1310,2000,8,215,"Summer"
"1311",97,44,9,63,NA,1311,2000,8,216,"Summer"
"1312",104,44,7,67,NA,1312,2000,8,217,"Summer"
"1313",103,41,8,67,NA,1313,2000,8,218,"Summer"
"1314",108,49,6,78,NA,1314,2000,8,219,"Summer"
"1315",112,44,9,76,NA,1315,2000,8,220,"Summer"
"1316",107,36,13,77,NA,1316,2000,8,221,"Summer"
"1317",112,46,7,79,NA,1317,2000,8,222,"Summer"
"1318",93,43,6,74,NA,1318,2000,8,223,"Summer"
"1319",97,41,9,71,NA,1319,2000,8,224,"Summer"
"1320",104,43,9,71,NA,1320,2000,8,225,"Summer"
"1321",104,54,4,74,NA,1321,2000,8,226,"Summer"
"1322",80,30,6,76,NA,1322,2000,8,227,"Summer"
"1323",125,50,3,82,NA,1323,2000,8,228,"Summer"
"1324",102,40,5,70,NA,1324,2000,8,229,"Summer"
"1325",81,35,3,68,NA,1325,2000,8,230,"Summer"
"1326",86,40,7,67,NA,1326,2000,8,231,"Summer"
"1327",108,47,6,64,NA,1327,2000,8,232,"Summer"
"1328",106,44,7,65,NA,1328,2000,8,233,"Summer"
"1329",109,54,3,67,NA,1329,2000,8,234,"Summer"
"1330",119,32,12,76,NA,1330,2000,8,235,"Summer"
"1331",93,42,7,76,NA,1331,2000,8,236,"Summer"
"1332",110,45,10,71,NA,1332,2000,8,237,"Summer"
"1333",95,39,7,70,NA,1333,2000,8,238,"Summer"
"1334",101,43,7,73,NA,1334,2000,8,239,"Summer"
"1335",105,47,6,72,NA,1335,2000,8,240,"Summer"
"1336",89,40,6,75,NA,1336,2000,8,241,"Summer"
"1337",83,29,5,77,NA,1337,2000,8,242,"Summer"
"1338",109,41,4,77,NA,1338,2000,8,243,"Summer"
"1339",106,34,8,80,NA,1339,2000,8,244,"Summer"
"1340",100,40,7,80,NA,1340,2000,9,245,"Summer"
"1341",103,49,10,79,NA,1341,2000,9,246,"Summer"
"1342",99,40,4,77,NA,1342,2000,9,247,"Summer"
"1343",93,35,3,66,NA,1343,2000,9,248,"Summer"
"1344",89,43,5,63,NA,1344,2000,9,249,"Summer"
"1345",91,33,4,61,NA,1345,2000,9,250,"Summer"
"1346",100,50,5,74,NA,1346,2000,9,251,"Summer"
"1347",100,39,8,75,NA,1347,2000,9,252,"Summer"
"1348",91,31,7,76,NA,1348,2000,9,253,"Summer"
"1349",99,42,8,78,NA,1349,2000,9,254,"Summer"
"1350",91,39,9,75,NA,1350,2000,9,255,"Summer"
"1351",100,44,5,63,NA,1351,2000,9,256,"Summer"
"1352",79,33,5,63,NA,1352,2000,9,257,"Summer"
"1353",103,41,3,65,NA,1353,2000,9,258,"Summer"
"1354",92,40,4,56,NA,1354,2000,9,259,"Summer"
"1355",112,50,9,56,NA,1355,2000,9,260,"Summer"
"1356",120,48,11,68,NA,1356,2000,9,261,"Summer"
"1357",118,50,10,69,NA,1357,2000,9,262,"Summer"
"1358",111,44,8,75,NA,1358,2000,9,263,"Summer"
"1359",101,42,9,58,NA,1359,2000,9,264,"Summer"
"1360",102,49,7,54,NA,1360,2000,9,265,"Summer"
"1361",92,34,10,58,NA,1361,2000,9,266,"Summer"
"1362",101,40,5,63,NA,1362,2000,9,267,"Summer"
"1363",103,45,7,53,NA,1363,2000,9,268,"Summer"
"1364",97,33,3,49,NA,1364,2000,9,269,"Summer"
"1365",109,43,9,56,NA,1365,2000,9,270,"Summer"
"1366",90,30,7,59,NA,1366,2000,9,271,"Summer"
"1367",113,49,5,55,NA,1367,2000,9,272,"Summer"
"1368",127,61,9,61,NA,1368,2000,9,273,"Summer"
"1369",109,40,13,65,NA,1369,2000,9,274,"Summer"
"1370",124,45,9,72,NA,1370,2000,10,275,"Autumn"
"1371",120,56,8,69,NA,1371,2000,10,276,"Autumn"
"1372",119,41,11,59,NA,1372,2000,10,277,"Autumn"
"1373",102,39,6,57,NA,1373,2000,10,278,"Autumn"
"1374",117,50,8,52,NA,1374,2000,10,279,"Autumn"
"1375",112,38,11,41,NA,1375,2000,10,280,"Autumn"
"1376",125,60,11,40,NA,1376,2000,10,281,"Autumn"
"1377",122,58,10,39,NA,1377,2000,10,282,"Autumn"
"1378",113,50,6,44,NA,1378,2000,10,283,"Autumn"
"1379",126,62,5,49,NA,1379,2000,10,284,"Autumn"
"1380",95,38,5,53,NA,1380,2000,10,285,"Autumn"
"1381",119,54,9,58,NA,1381,2000,10,286,"Autumn"
"1382",126,58,12,66,NA,1382,2000,10,287,"Autumn"
"1383",124,56,6,67,NA,1383,2000,10,288,"Autumn"
"1384",130,49,8,55,NA,1384,2000,10,289,"Autumn"
"1385",111,39,11,51,NA,1385,2000,10,290,"Autumn"
"1386",114,57,5,52,NA,1386,2000,10,291,"Autumn"
"1387",112,47,8,54,NA,1387,2000,10,292,"Autumn"
"1388",125,51,16,62,NA,1388,2000,10,293,"Autumn"
"1389",116,43,6,66,NA,1389,2000,10,294,"Autumn"
"1390",103,54,4,58,NA,1390,2000,10,295,"Autumn"
"1391",117,49,7,59,NA,1391,2000,10,296,"Autumn"
"1392",114,58,11,65,NA,1392,2000,10,297,"Autumn"
"1393",111,41,9,63,NA,1393,2000,10,298,"Autumn"
"1394",99,41,7,62,NA,1394,2000,10,299,"Autumn"
"1395",124,49,10,68,NA,1395,2000,10,300,"Autumn"
"1396",112,48,3,61,NA,1396,2000,10,301,"Autumn"
"1397",81,42,1,50,NA,1397,2000,10,302,"Autumn"
"1398",108,43,10,46,NA,1398,2000,10,303,"Autumn"
"1399",112,46,11,50,NA,1399,2000,10,304,"Autumn"
"1400",120,49,6,59,NA,1400,2000,10,305,"Autumn"
"1401",115,46,6,63,NA,1401,2000,11,306,"Autumn"
"1402",116,41,9,55,NA,1402,2000,11,307,"Autumn"
"1403",101,44,5,48,NA,1403,2000,11,308,"Autumn"
"1404",107,39,10,46,NA,1404,2000,11,309,"Autumn"
"1405",100,35,4,46,NA,1405,2000,11,310,"Autumn"
"1406",117,42,6,49,NA,1406,2000,11,311,"Autumn"
"1407",115,49,10,49,NA,1407,2000,11,312,"Autumn"
"1408",108,42,10,40,NA,1408,2000,11,313,"Autumn"
"1409",102,48,5,39,NA,1409,2000,11,314,"Autumn"
"1410",98,38,9,37,NA,1410,2000,11,315,"Autumn"
"1411",108,47,10,38,NA,1411,2000,11,316,"Autumn"
"1412",118,50,8,45,NA,1412,2000,11,317,"Autumn"
"1413",103,45,6,36,NA,1413,2000,11,318,"Autumn"
"1414",117,41,8,32,NA,1414,2000,11,319,"Autumn"
"1415",112,45,10,31,NA,1415,2000,11,320,"Autumn"
"1416",110,47,6,36,NA,1416,2000,11,321,"Autumn"
"1417",108,47,7,30,NA,1417,2000,11,322,"Autumn"
"1418",117,39,13,27,NA,1418,2000,11,323,"Autumn"
"1419",136,48,15,30,NA,1419,2000,11,324,"Autumn"
"1420",103,36,7,24,NA,1420,2000,11,325,"Autumn"
"1421",120,45,11,19,NA,1421,2000,11,326,"Autumn"
"1422",112,43,7,22,NA,1422,2000,11,327,"Autumn"
"1423",127,53,7,29,NA,1423,2000,11,328,"Autumn"
"1424",120,46,14,32,NA,1424,2000,11,329,"Autumn"
"1425",114,46,12,38,NA,1425,2000,11,330,"Autumn"
"1426",111,49,6,39,NA,1426,2000,11,331,"Autumn"
"1427",114,49,9,34,NA,1427,2000,11,332,"Autumn"
"1428",128,56,8,34,NA,1428,2000,11,333,"Autumn"
"1429",128,58,7,35,NA,1429,2000,11,334,"Autumn"
"1430",119,46,11,34,NA,1430,2000,11,335,"Autumn"
"1431",125,56,9,34,NA,1431,2000,12,336,"Autumn"
"1432",113,51,5,31,NA,1432,2000,12,337,"Autumn"
"1433",128,53,8,28,NA,1433,2000,12,338,"Autumn"
"1434",126,55,12,32,NA,1434,2000,12,339,"Autumn"
"1435",112,43,8,21,NA,1435,2000,12,340,"Autumn"
"1436",112,41,8,15,NA,1436,2000,12,341,"Autumn"
"1437",123,54,7,25,NA,1437,2000,12,342,"Autumn"
"1438",106,50,6,18,NA,1438,2000,12,343,"Autumn"
"1439",110,32,5,16,NA,1439,2000,12,344,"Autumn"
"1440",117,52,11,30,NA,1440,2000,12,345,"Autumn"
"1441",126,56,10,23,NA,1441,2000,12,346,"Autumn"
"1442",138,59,14,4,NA,1442,2000,12,347,"Autumn"
"1443",121,53,9,8,NA,1443,2000,12,348,"Autumn"
"1444",125,52,12,17,NA,1444,2000,12,349,"Autumn"
"1445",121,52,9,17,NA,1445,2000,12,350,"Autumn"
"1446",126,59,5,25,NA,1446,2000,12,351,"Autumn"
"1447",131,62,9,8,NA,1447,2000,12,352,"Autumn"
"1448",125,56,12,8,NA,1448,2000,12,353,"Autumn"
"1449",129,55,13,14,NA,1449,2000,12,354,"Autumn"
"1450",118,53,10,6,NA,1450,2000,12,355,"Autumn"
"1451",97,50,9,6,NA,1451,2000,12,356,"Autumn"
"1452",124,52,10,-1,NA,1452,2000,12,357,"Autumn"
"1453",144,60,8,8,NA,1453,2000,12,358,"Autumn"
"1454",128,47,12,5,NA,1454,2000,12,359,"Autumn"
"1455",131,49,15,5,NA,1455,2000,12,360,"Autumn"
"1456",122,54,9,11,NA,1456,2000,12,361,"Autumn"
"1457",119,51,13,12,NA,1457,2000,12,362,"Autumn"
"1458",125,54,7,13,NA,1458,2000,12,363,"Autumn"
"1459",132,50,11,21,NA,1459,2000,12,364,"Autumn"
"1460",133,52,14,27,NA,1460,2000,12,365,"Autumn"
"1461",145,59,8,16,NA,1461,2000,12,366,"Autumn"
